SYMBOL,NIFTY50,FNO,SMALLCAP250,MICROCAP250
20MICRONS,NO,NO,NO,NO
21STCENMGM,NO,NO,NO,NO
360ONE,NO,YES,NO,NO
3BBLACKBIO,NO,NO,NO,NO
3MINDIA,NO,NO,NO,NO
3PLAND,NO,NO,NO,NO
5PAISA,NO,NO,NO,NO
63MOONS,NO,NO,NO,NO
A2ZINFRA,NO,NO,NO,NO
AAATECH,NO,NO,NO,NO
AADHARHFC,NO,NO,YES,NO
AAKASH,NO,NO,NO,NO
AAREYDRUGS,NO,NO,NO,NO
AARNAV,NO,NO,NO,NO
AARON,NO,NO,NO,NO
AARTIDRUGS,NO,NO,NO,YES
AARTIIND,NO,NO,YES,NO
AARTIPHARM,NO,NO,NO,YES
AARVI,NO,NO,NO,NO
AASTHA,NO,NO,NO,NO
AAVAS,NO,NO,YES,NO
ABANSENT,NO,NO,NO,NO
ABB,NO,YES,NO,NO
ABBOTINDIA,NO,NO,NO,NO
ABCAPITAL,NO,YES,NO,NO
ABCOTS,NO,NO,NO,NO
ABDL,NO,NO,YES,NO
ABFRL,NO,NO,YES,NO
ABINFRA,NO,NO,NO,NO
ABLBL,NO,NO,YES,NO
ABMKNO,NO,NO,NO,NO
ABREL,NO,NO,YES,NO
ABSLAMC,NO,NO,YES,NO
ACC,NO,NO,NO,NO
ACCELYA,NO,NO,NO,NO
ACE,NO,NO,YES,NO
ACEINTEG,NO,NO,NO,NO
ACGL,NO,NO,NO,NO
ACI,NO,NO,NO,YES
ACL,NO,NO,NO,NO
ACMESOLAR,NO,NO,YES,NO
ACSTECH,NO,NO,NO,NO
ACUTAAS,NO,NO,YES,NO
ADANIENSOL,NO,YES,NO,NO
ADANIENT,YES,YES,NO,NO
ADANIGREEN,NO,YES,NO,NO
ADANIPORTS,YES,YES,NO,NO
ADANIPOWER,NO,YES,NO,NO
ADDIND,NO,NO,NO,NO
ADFFOODS,NO,NO,NO,NO
ADL,NO,NO,NO,NO
ADOR,NO,NO,NO,NO
ADROITINFO,NO,NO,NO,NO
ADSL,NO,NO,NO,NO
ADVAIT,NO,NO,NO,NO
ADVANCE,NO,NO,NO,NO
ADVANIHOTR,NO,NO,NO,NO
ADVENTHTL,NO,NO,NO,NO
ADVENZYMES,NO,NO,NO,YES
ADVIKCA,NO,NO,NO,NO
AEGISLOG,NO,NO,YES,NO
AEGISVOPAK,NO,NO,YES,NO
AEPL,NO,NO,NO,NO
AEQUS,NO,NO,NO,YES
AEROENTER,NO,NO,NO,NO
AEROFLEX,NO,NO,NO,NO
AERONEU,NO,NO,NO,NO
AEROPLANE,NO,NO,NO,NO
AETHER,NO,NO,NO,YES
AFCONS,NO,NO,YES,NO
AFFLE,NO,NO,YES,NO
AFIL,NO,NO,NO,NO
AFSL,NO,NO,NO,NO
AGARIND,NO,NO,NO,NO
AGARWALEYE,NO,NO,NO,YES
AGI,NO,NO,NO,NO
AGIIL,NO,NO,NO,NO
AGL,NO,NO,NO,NO
AGRITECH,NO,NO,NO,NO
AGROPHOS,NO,NO,NO,NO
AHCL,NO,NO,NO,NO
AHLADA,NO,NO,NO,NO
AHLEAST,NO,NO,NO,NO
AHLUCONT,NO,NO,NO,YES
AIAENG,NO,NO,NO,NO
AIIL,NO,NO,NO,NO
AIRAN,NO,NO,NO,NO
AIROLAM,NO,NO,NO,NO
AJANTPHARM,NO,NO,NO,NO
AJAXENGG,NO,NO,NO,NO
AJMERA,NO,NO,NO,NO
AJOONI,NO,NO,NO,NO
AKASH,NO,NO,NO,NO
AKCAPIT,NO,NO,NO,NO
AKG,NO,NO,NO,NO
AKI,NO,NO,NO,NO
AKSHAR,NO,NO,NO,NO
AKUMS,NO,NO,NO,YES
ALANKIT,NO,NO,NO,NO
ALBERTDAVD,NO,NO,NO,NO
ALEMBICLTD,NO,NO,NO,NO
ALFREDHE,NO,NO,NO,NO
ALGOQUANT,NO,NO,NO,NO
ALICON,NO,NO,NO,NO
ALIVUS,NO,NO,NO,YES
ALKEM,NO,YES,NO,NO
ALKYLAMINE,NO,NO,NO,YES
ALLCARGO,NO,NO,NO,NO
ALLDIGI,NO,NO,NO,NO
ALLTIME,NO,NO,NO,NO
ALMONDZ,NO,NO,NO,NO
ALOKINDS,NO,NO,NO,YES
ALPA,NO,NO,NO,NO
ALPHAGEO,NO,NO,NO,NO
ALPINETEX,NO,NO,NO,NO
ALUFLUOR,NO,NO,NO,NO
AMAGI,NO,NO,NO,NO
AMAL,NO,NO,NO,NO
AMARJOTHI,NO,NO,NO,NO
AMBALALSA,NO,NO,NO,NO
AMBER,NO,YES,YES,NO
AMBICAAGAR,NO,NO,NO,NO
AMBIKCO,NO,NO,NO,NO
AMBUJACEM,NO,YES,NO,NO
AMDIND,NO,NO,NO,NO
AMJLAND,NO,NO,NO,NO
AMNPLST,NO,NO,NO,NO
AMRUTANJAN,NO,NO,NO,NO
ANANDRATHI,NO,NO,YES,NO
ANANTRAJ,NO,NO,YES,NO
ANDHRAPAP,NO,NO,NO,NO
ANDHRSUGAR,NO,NO,NO,NO
ANDREWYU,NO,NO,NO,NO
ANGELONE,NO,YES,YES,NO
ANIKINDS,NO,NO,NO,NO
ANMOL,NO,NO,NO,NO
ANNAPURNA,NO,NO,NO,NO
ANSALBU,NO,NO,NO,NO
ANTELOPUS,NO,NO,NO,NO
ANTGRAPHIC,NO,NO,NO,NO
ANTHEM,NO,NO,NO,NO
ANUHPHR,NO,NO,NO,NO
ANUP,NO,NO,NO,YES
ANURAS,NO,NO,YES,NO
APARINDS,NO,NO,NO,NO
APCL,NO,NO,NO,NO
APCOTEXIND,NO,NO,NO,NO
APEX,NO,NO,NO,NO
APLAPOLLO,NO,YES,NO,NO
APLLTD,NO,NO,NO,YES
APOLLO,NO,NO,NO,YES
APOLLOHOSP,YES,YES,NO,NO
APOLLOPIPE,NO,NO,NO,NO
APOLLOTYRE,NO,NO,NO,NO
APOLSINHOT,NO,NO,NO,NO
APOORVA,NO,NO,NO,NO
APTUS,NO,NO,YES,NO
AQYLON,NO,NO,NO,NO
ARCHIDPLY,NO,NO,NO,NO
ARCHIES,NO,NO,NO,NO
ARCL,NO,NO,NO,NO
ARDEE,NO,NO,NO,NO
ARE&M,NO,NO,YES,NO
ARENTERP,NO,NO,NO,NO
ARFIN,NO,NO,NO,NO
ARIES,NO,NO,NO,NO
ARIHANT,NO,NO,NO,NO
ARIHANTCAP,NO,NO,NO,NO
ARIHANTSUP,NO,NO,NO,NO
ARIS,NO,NO,NO,NO
ARKADE,NO,NO,NO,NO
ARMANFIN,NO,NO,NO,NO
AROGRANITE,NO,NO,NO,NO
ARSSBL,NO,NO,NO,NO
ARTEMISMED,NO,NO,NO,NO
ARTNIRMAN,NO,NO,NO,NO
ARVEE,NO,NO,NO,NO
ARVIND,NO,NO,NO,YES
ARVINDFASN,NO,NO,NO,YES
ARVSMART,NO,NO,NO,NO
ARYAMAN,NO,NO,NO,NO
ASAHIINDIA,NO,NO,YES,NO
ASAL,NO,NO,NO,NO
ASALCBR,NO,NO,NO,NO
ASHAPURMIN,NO,NO,NO,YES
ASHIANA,NO,NO,NO,NO
ASHIMASYN,NO,NO,NO,NO
ASHOKA,NO,NO,NO,YES
ASHOKAMET,NO,NO,NO,NO
ASHOKLEY,NO,YES,NO,NO
ASIANENE,NO,NO,NO,NO
ASIANHOTNR,NO,NO,NO,NO
ASIANPAINT,YES,YES,NO,NO
ASIANTILES,NO,NO,NO,NO
ASIANTNE,NO,NO,NO,NO
ASKAUTOLTD,NO,NO,NO,YES
ASPINWALL,NO,NO,NO,NO
ASSAMENT,NO,NO,NO,NO
ASTAR,NO,NO,NO,NO
ASTEC,NO,NO,NO,NO
ASTERDM,NO,NO,YES,NO
ASTRAL,NO,YES,NO,NO
ASTRAMICRO,NO,NO,NO,YES
ASTRAZEN,NO,NO,NO,NO
ATALREAL,NO,NO,NO,NO
ATAM,NO,NO,NO,NO
ATGL,NO,NO,NO,NO
ATHERENERG,NO,YES,YES,NO
ATL,NO,NO,NO,NO
ATLANTAA,NO,NO,NO,NO
ATLANTAELE,NO,NO,NO,YES
ATLASCYCLE,NO,NO,NO,NO
ATUL,NO,NO,YES,NO
ATULAUTO,NO,NO,NO,NO
AUBANK,NO,YES,NO,NO
AURIONPRO,NO,NO,NO,YES
AUROPHARMA,NO,YES,NO,NO
AURUM,NO,NO,NO,NO
AURUS,NO,NO,NO,NO
AUSOMENT,NO,NO,NO,NO
AUSTENG,NO,NO,NO,NO
AUTOAXLES,NO,NO,NO,NO
AVADHSUGAR,NO,NO,NO,NO
AVALON,NO,NO,NO,YES
AVANCE,NO,NO,NO,NO
AVANTEL,NO,NO,NO,NO
AVANTIFEED,NO,NO,NO,YES
AVL,NO,NO,NO,YES
AVONMORE,NO,NO,NO,NO
AVROIND,NO,NO,NO,NO
AVTNPL,NO,NO,NO,NO
AWFIS,NO,NO,NO,YES
AWHCL,NO,NO,NO,NO
AWL,NO,NO,NO,NO
AXISBANK,YES,YES,NO,NO
AXISCADES,NO,NO,NO,YES
AXITA,NO,NO,NO,NO
AXTEL,NO,NO,NO,NO
AYE,NO,NO,NO,NO
AYMSYNTEX,NO,NO,NO,NO
AZAD,NO,NO,NO,YES
AZADIND,NO,NO,NO,NO
BAGFILMS,NO,NO,NO,NO
BAIDFIN,NO,NO,NO,NO
BAJAJ-AUTO,YES,YES,NO,NO
BAJAJCON,NO,NO,NO,NO
BAJAJELEC,NO,NO,NO,YES
BAJAJFINSV,YES,YES,NO,NO
BAJAJHCARE,NO,NO,NO,NO
BAJAJHFL,NO,NO,NO,NO
BAJAJHIND,NO,NO,NO,NO
BAJAJHLDNG,NO,YES,NO,NO
BAJAJINDEF,NO,NO,NO,NO
BAJAJST,NO,NO,NO,NO
BAJEL,NO,NO,NO,NO
BAJFINANCE,YES,YES,NO,NO
BALAJEE,NO,NO,NO,NO
BALAJITELE,NO,NO,NO,NO
BALAMINES,NO,NO,NO,YES
BALAXI,NO,NO,NO,NO
BALKRISHNA,NO,NO,NO,NO
BALKRISIND,NO,NO,NO,NO
BALMLAWRIE,NO,NO,NO,NO
BALPHARMA,NO,NO,NO,NO
BALRAMCHIN,NO,NO,YES,NO
BALUFORGE,NO,NO,NO,YES
BANARBEADS,NO,NO,NO,NO
BANARISUG,NO,NO,NO,NO
BANCOINDIA,NO,NO,NO,YES
BANDHANBNK,NO,YES,YES,NO
BANG,NO,NO,NO,NO
BANKA,NO,NO,NO,NO
BANKBARODA,NO,YES,NO,NO
BANKINDIA,NO,YES,NO,NO
BANSALWIRE,NO,NO,NO,NO
BANSWRAS,NO,NO,NO,NO
BASF,NO,NO,NO,NO
BATAINDIA,NO,NO,YES,NO
BATLIBOI,NO,NO,NO,NO
BAYERCROP,NO,NO,YES,NO
BBL,NO,NO,NO,NO
BBOX,NO,NO,NO,YES
BBTC,NO,NO,YES,NO
BBTCL,NO,NO,NO,NO
BCG,NO,NO,NO,NO
BCLIND,NO,NO,NO,NO
BCONCEPTS,NO,NO,NO,NO
BCPL,NO,NO,NO,NO
BDL,NO,YES,NO,NO
BEARDSELL,NO,NO,NO,NO
BECTORFOOD,NO,NO,NO,YES
BEDMUTHA,NO,NO,NO,NO
BEEKAY,NO,NO,NO,NO
BEL,YES,YES,NO,NO
BELLACASA,NO,NO,NO,NO
BELRISE,NO,NO,YES,NO
BEML,NO,NO,YES,NO
BENARAS,NO,NO,NO,NO
BENGALASM,NO,NO,NO,NO
BEPL,NO,NO,NO,NO
BERGEPAINT,NO,NO,NO,NO
BESTAGRO,NO,NO,NO,NO
BETA,NO,NO,NO,NO
BFINVEST,NO,NO,NO,NO
BFUTILITIE,NO,NO,NO,NO
BHAGCHEM,NO,NO,NO,NO
BHAGYANGR,NO,NO,NO,NO
BHANDARI,NO,NO,NO,NO
BHARATCOAL,NO,NO,NO,NO
BHARATFORG,NO,YES,NO,NO
BHARATRAS,NO,NO,NO,NO
BHARATSE,NO,NO,NO,NO
BHARATWIRE,NO,NO,NO,NO
BHARTIARTL,YES,YES,NO,NO
BHARTIHEXA,NO,NO,NO,NO
BHEL,NO,YES,NO,NO
BI,NO,NO,NO,NO
BIGBLOC,NO,NO,NO,NO
BIKAJI,NO,NO,YES,NO
BIL,NO,NO,NO,NO
BIMETAL,NO,NO,NO,NO
BIOCON,NO,YES,NO,NO
BIOFILCHEM,NO,NO,NO,NO
BIRLACORPN,NO,NO,NO,YES
BIRLAMONEY,NO,NO,NO,NO
BIRLANU,NO,NO,NO,NO
BIRLAPREC,NO,NO,NO,NO
BLACKBUCK,NO,NO,NO,YES
BLAL,NO,NO,NO,NO
BLBLIMITED,NO,NO,NO,NO
BLIL,NO,NO,NO,NO
BLKASHYAP,NO,NO,NO,NO
BLS,NO,NO,YES,NO
BLSE,NO,NO,NO,NO
BLUECHIP,NO,NO,NO,NO
BLUECLOUDS,NO,NO,NO,NO
BLUEDART,NO,NO,YES,NO
BLUEJET,NO,NO,YES,NO
BLUESTARCO,NO,YES,NO,NO
BLUESTONE,NO,NO,NO,YES
BLUSPRING,NO,NO,NO,NO
BMWVENTLTD,NO,NO,NO,NO
BNAGROCHEM,NO,NO,NO,NO
BOHRAIND,NO,NO,NO,NO
BOMDYEING,NO,NO,NO,NO
BONLON,NO,NO,NO,NO
BORANA,NO,NO,NO,NO
BOROLTD,NO,NO,NO,NO
BORORENEW,NO,NO,NO,YES
BOROSCI,NO,NO,NO,NO
BOSCH-HCIL,NO,NO,NO,NO
BOSCHLTD,NO,YES,NO,NO
BPCL,NO,YES,NO,NO
BPL,NO,NO,NO,NO
BPLPHARMA,NO,NO,NO,NO
BRAHMINFRA,NO,NO,NO,NO
BRIGADE,NO,NO,YES,NO
BRIGHOTEL,NO,NO,NO,NO
BRIGHTBR,NO,NO,NO,NO
BRITANNIA,NO,YES,NO,NO
BRNL,NO,NO,NO,NO
BSE,NO,YES,NO,NO
BSHSL,NO,NO,NO,NO
BSL,NO,NO,NO,NO
BSOFT,NO,NO,YES,NO
BTML,NO,NO,NO,NO
BUILDPRO,NO,NO,NO,NO
BUTTERFLY,NO,NO,NO,NO
BVCL,NO,NO,NO,NO
CALSOFT,NO,NO,NO,NO
CAMLINFINE,NO,NO,NO,NO
CAMPUS,NO,NO,NO,YES
CAMS,NO,YES,YES,NO
CANBK,NO,YES,NO,NO
CANFINHOME,NO,NO,YES,NO
CANHLIFE,NO,NO,YES,NO
CANTABIL,NO,NO,NO,NO
CAPACITE,NO,NO,NO,NO
CAPILLARY,NO,NO,NO,YES
CAPITALSFB,NO,NO,NO,NO
CAPLIPOINT,NO,NO,YES,NO
CARBORUNIV,NO,NO,YES,NO
CARERATING,NO,NO,NO,NO
CARRARO,NO,NO,NO,NO
CARTRADE,NO,NO,YES,NO
CARYSIL,NO,NO,NO,NO
CASTROLIND,NO,NO,YES,NO
CCAVENUE,NO,NO,NO,YES
CCCL,NO,NO,NO,NO
CCHHL,NO,NO,NO,NO
CCL,NO,NO,YES,NO
CDSL,NO,YES,YES,NO
CEATLTD,NO,NO,YES,NO
CEIGALL,NO,NO,NO,NO
CEINSYS,NO,NO,NO,NO
CELEBRITY,NO,NO,NO,NO
CELLO,NO,NO,NO,YES
CEMPRO,NO,NO,YES,NO
CENTENKA,NO,NO,NO,NO
CENTEXT,NO,NO,NO,NO
CENTRALBK,NO,NO,YES,NO
CENTRUM,NO,NO,NO,NO
CENTUM,NO,NO,NO,NO
CENTURYPLY,NO,NO,NO,YES
CERA,NO,NO,NO,YES
CESC,NO,NO,YES,NO
CEWATER,NO,NO,NO,NO
CFEL,NO,NO,NO,NO
CGCL,NO,NO,YES,NO
CGPOWER,NO,YES,NO,NO
CGVAK,NO,NO,NO,NO
CHALET,NO,NO,YES,NO
CHAMBLFERT,NO,NO,YES,NO
CHEMBOND,NO,NO,NO,NO
CHEMCRUX,NO,NO,NO,NO
CHEMFAB,NO,NO,NO,NO
CHEMPLASTS,NO,NO,NO,NO
CHENNPETRO,NO,NO,YES,NO
CHEVIOT,NO,NO,NO,NO
CHOICEIN,NO,NO,YES,NO
CHOLAFIN,NO,YES,NO,NO
CHOLAHLDNG,NO,NO,YES,NO
CIEINDIA,NO,NO,YES,NO
CIFL,NO,NO,NO,NO
CINELINE,NO,NO,NO,NO
CINEVISTA,NO,NO,NO,NO
CIPLA,YES,YES,NO,NO
CLEAN,NO,NO,YES,NO
CLEANMAX,NO,NO,NO,NO
CLSEL,NO,NO,NO,NO
CMLL,NO,NO,NO,NO
CMPDI,NO,NO,NO,NO
CMRGREEN,NO,NO,NO,NO
CMSINFO,NO,NO,NO,YES
CNL,NO,NO,NO,NO
COALINDIA,YES,YES,NO,NO
COASTCORP,NO,NO,NO,NO
COCHINSHIP,NO,YES,NO,NO
COCKERILL,NO,NO,NO,NO
COFORGE,NO,YES,NO,NO
COHANCE,NO,NO,YES,NO
COLPAL,NO,YES,NO,NO
COMFINTE,NO,NO,NO,NO
COMPEAU,NO,NO,NO,NO
COMPUSOFT,NO,NO,NO,NO
COMSYN,NO,NO,NO,NO
CONCOR,NO,YES,NO,NO
CONCORDBIO,NO,NO,YES,NO
CONFIPET,NO,NO,NO,NO
CONTROLPR,NO,NO,NO,NO
CORALFINAC,NO,NO,NO,NO
CORDELIA,NO,NO,NO,NO
COROMANDEL,NO,NO,NO,NO
CORONA,NO,NO,NO,YES
COSMOFIRST,NO,NO,NO,NO
CPCAP,NO,NO,NO,NO
CPEDU,NO,NO,NO,NO
CPL,NO,NO,NO,NO
CPPLUS,NO,NO,YES,NO
CRAFTSMAN,NO,NO,YES,NO
CRAMC,NO,NO,NO,YES
CRAVATEX,NO,NO,NO,NO
CREATIVEYE,NO,NO,NO,NO
CREDITACC,NO,NO,YES,NO
CREST,NO,NO,NO,NO
CRISIL,NO,NO,NO,NO
CRIZAC,NO,NO,NO,YES
CROMPTON,NO,YES,YES,NO
CROWN,NO,NO,NO,NO
CRSL,NO,NO,NO,NO
CSBBANK,NO,NO,NO,YES
CSLFINANCE,NO,NO,NO,NO
CSM,NO,NO,NO,NO
CTE,NO,NO,NO,NO
CUB,NO,NO,YES,NO
CUBEXTUB,NO,NO,NO,NO
CUMMINSIND,NO,YES,NO,NO
CUPID,NO,NO,NO,YES
CURAA,NO,NO,NO,NO
CYBERMEDIA,NO,NO,NO,NO
CYIENT,NO,NO,YES,NO
CYIENTDLM,NO,NO,NO,NO
DABUR,NO,YES,NO,NO
DAICHI,NO,NO,NO,NO
DALBHARAT,NO,NO,NO,NO
DALMIASUG,NO,NO,NO,NO
DAMCAPITAL,NO,NO,NO,NO
DANGEE,NO,NO,NO,NO
DATAMATICS,NO,NO,NO,YES
DATAPATTNS,NO,NO,YES,NO
DAVANGERE,NO,NO,NO,NO
DBCORP,NO,NO,NO,NO
DBL,NO,NO,NO,YES
DBOL,NO,NO,NO,NO
DBREALTY,NO,NO,NO,YES
DCAL,NO,NO,NO,NO
DCBBANK,NO,NO,NO,YES
DCI,NO,NO,NO,NO
DCMFINSERV,NO,NO,NO,NO
DCMNVL,NO,NO,NO,NO
DCMSHRIRAM,NO,NO,YES,NO
DCMSIL,NO,NO,NO,NO
DCMSRIND,NO,NO,NO,NO
DCW,NO,NO,NO,NO
DCXINDIA,NO,NO,NO,NO
DDEVPLSTIK,NO,NO,NO,NO
DECCANCE,NO,NO,NO,NO
DECNGOLD,NO,NO,NO,NO
DEEDEV,NO,NO,NO,NO
DEEP,NO,NO,NO,NO
DEEPAKFERT,NO,NO,YES,NO
DEEPAKNTR,NO,NO,YES,NO
DEEPINDS,NO,NO,NO,NO
DELHIVERY,NO,YES,YES,NO
DELTACORP,NO,NO,NO,NO
DELTAMAGNT,NO,NO,NO,NO
DEN,NO,NO,NO,NO
DENORA,NO,NO,NO,NO
DENTA,NO,NO,NO,NO
DEVIT,NO,NO,NO,NO
DEVX,NO,NO,NO,NO
DEVYANI,NO,NO,YES,NO
DGCONTENT,NO,NO,NO,NO
DHABRIYA,NO,NO,NO,NO
DHAMPURSUG,NO,NO,NO,NO
DHANBANK,NO,NO,NO,NO
DHANUKA,NO,NO,NO,NO
DHARMAJ,NO,NO,NO,NO
DHATRE,NO,NO,NO,NO
DHOOTTRANS,NO,NO,NO,NO
DHRUV,NO,NO,NO,NO
DHUNINV,NO,NO,NO,NO
DIAMINESQ,NO,NO,NO,NO
DIAMONDYD,NO,NO,NO,NO
DICIND,NO,NO,NO,NO
DIFFNKG,NO,NO,NO,NO
DIGIDRIVE,NO,NO,NO,NO
DIGISPICE,NO,NO,NO,NO
DIGITIDE,NO,NO,NO,NO
DIGJAMLMTD,NO,NO,NO,NO
DISAQ,NO,NO,NO,NO
DISHTV,NO,NO,NO,NO
DIVGIITTS,NO,NO,NO,NO
DIVISLAB,NO,YES,NO,NO
DIXON,NO,YES,NO,NO
DJML,NO,NO,NO,NO
DLF,NO,YES,NO,NO
DLINKINDIA,NO,NO,NO,NO
DMART,NO,YES,NO,NO
DMCC,NO,NO,NO,NO
DNAMEDIA,NO,NO,NO,NO
DODLA,NO,NO,NO,NO
DOLATALGO,NO,NO,NO,NO
DOLLAR,NO,NO,NO,NO
DOLPHIN,NO,NO,NO,NO
DOMS,NO,NO,YES,NO
DONEAR,NO,NO,NO,NO
DPABHUSHAN,NO,NO,NO,NO
DRAGARWQ,NO,NO,NO,NO
DRCSYSTEMS,NO,NO,NO,NO
DREAMFOLKS,NO,NO,NO,NO
DREDGECORP,NO,NO,NO,NO
DRREDDY,YES,YES,NO,NO
DSSL,NO,NO,NO,NO
DTIL,NO,NO,NO,NO
DUCON,NO,NO,NO,NO
DVL,NO,NO,NO,NO
DWARKESH,NO,NO,NO,NO
DYCL,NO,NO,NO,NO
DYNAMATECH,NO,NO,NO,YES
DYNPRO,NO,NO,NO,NO
EASEMYTRIP,NO,NO,NO,NO
EASTWEST,NO,NO,NO,NO
EBGNG,NO,NO,NO,NO
EBIX,NO,NO,NO,NO
ECLERX,NO,NO,YES,NO
ECORECO,NO,NO,NO,NO
EDELWEISS,NO,NO,NO,YES
EFCIL,NO,NO,NO,NO
EICHERMOT,YES,YES,NO,NO
EIDPARRY,NO,NO,YES,NO
EIEL,NO,NO,NO,YES
EIHAHOTELS,NO,NO,NO,NO
EIHOTEL,NO,NO,YES,NO
EIMCOELECO,NO,NO,NO,NO
EKC,NO,NO,NO,NO
EKI,NO,NO,NO,NO
ELANTAS,NO,NO,NO,NO
ELCIDIN,NO,NO,NO,NO
ELDEHSG,NO,NO,NO,NO
ELECON,NO,NO,YES,NO
ELECTCAST,NO,NO,NO,YES
ELECTHERM,NO,NO,NO,NO
ELGIEQUIP,NO,NO,YES,NO
ELGIRUBCO,NO,NO,NO,NO
ELIN,NO,NO,NO,NO
ELITECON,NO,NO,NO,NO
ELLEN,NO,NO,NO,YES
ELPROINTL,NO,NO,NO,NO
EMAMILTD,NO,NO,YES,NO
EMAMIREAL,NO,NO,NO,NO
EMBDL,NO,NO,NO,YES
EMCURE,NO,NO,YES,NO
EMIL,NO,NO,NO,YES
EMKAY,NO,NO,NO,NO
EMMVEE,NO,NO,YES,NO
EMPIND,NO,NO,NO,NO
EMPOWER,NO,NO,NO,NO
EMSLIMITED,NO,NO,NO,NO
EMUDHRA,NO,NO,NO,NO
ENDURANCE,NO,NO,NO,NO
ENERGYDEV,NO,NO,NO,NO
ENGINERSIN,NO,NO,YES,NO
ENIL,NO,NO,NO,NO
ENKEIWHEL,NO,NO,NO,NO
ENRIN,NO,NO,NO,NO
ENTERO,NO,NO,NO,YES
EPACK,NO,NO,NO,NO
EPACKPEB,NO,NO,NO,NO
EPIGRAL,NO,NO,NO,NO
EPL,NO,NO,NO,YES
EQUITASBNK,NO,NO,NO,YES
ERIS,NO,NO,YES,NO
ESABINDIA,NO,NO,NO,NO
ESCORTS,NO,NO,NO,NO
ESSARSHPNG,NO,NO,NO,NO
ESSENTIA,NO,NO,NO,NO
ESTER,NO,NO,NO,NO
ETERNAL,YES,YES,NO,NO
ETHOSLTD,NO,NO,NO,YES
EUREKAFORB,NO,NO,NO,YES
EUROBOND,NO,NO,NO,NO
EUROPRATIK,NO,NO,NO,NO
EVEREADY,NO,NO,NO,NO
EXCELINDUS,NO,NO,NO,NO
EXCELSOFT,NO,NO,NO,NO
EXICOM,NO,NO,NO,NO
EXIDEIND,NO,NO,NO,NO
EXPLEOSOL,NO,NO,NO,NO
EXXARO,NO,NO,NO,NO
FABTECH,NO,NO,NO,NO
FACT,NO,NO,YES,NO
FAZE3Q,NO,NO,NO,NO
FCL,NO,NO,NO,NO
FCSSOFT,NO,NO,NO,NO
FDC,NO,NO,NO,NO
FEDDERSHOL,NO,NO,NO,NO
FEDERALBNK,NO,YES,NO,NO
FEDFINA,NO,NO,NO,YES
FERMENTA,NO,NO,NO,NO
FIBERWEB,NO,NO,NO,NO
FIEMIND,NO,NO,NO,YES
FILATEX,NO,NO,NO,NO
FILATFASH,NO,NO,NO,NO
FINCABLES,NO,NO,YES,NO
FINEORG,NO,NO,NO,NO
FINKURVE,NO,NO,NO,NO
FINOPB,NO,NO,NO,NO
FINPIPE,NO,NO,NO,YES
FIRSTCRY,NO,NO,YES,NO
FISCHER,NO,NO,NO,NO
FIVESTAR,NO,NO,YES,NO
FLAIR,NO,NO,NO,NO
FLUOROCHEM,NO,NO,NO,NO
FMGOETZE,NO,NO,NO,NO
FOODSIN,NO,NO,NO,NO
FORCEMOT,NO,YES,YES,NO
FORTIS,NO,YES,NO,NO
FOSECOIND,NO,NO,NO,NO
FRACTAL,NO,NO,NO,NO
FREDUN,NO,NO,NO,NO
FRONTSP,NO,NO,NO,NO
FSL,NO,NO,YES,NO
FUSION,NO,NO,NO,NO
GABRIEL,NO,NO,YES,NO
GAEL,NO,NO,NO,YES
GAIL,NO,YES,NO,NO
GALAPREC,NO,NO,NO,NO
GALAXYSURF,NO,NO,NO,NO
GALLANTT,NO,NO,YES,NO
GANDHAR,NO,NO,NO,NO
GANDHITUBE,NO,NO,NO,NO
GANECOS,NO,NO,NO,NO
GANESHCP,NO,NO,NO,NO
GANESHHOU,NO,NO,NO,NO
GANGAFORGE,NO,NO,NO,NO
GANGESSECU,NO,NO,NO,NO
GARFIBRES,NO,NO,NO,NO
GARUDA,NO,NO,NO,NO
GATEWAY,NO,NO,NO,NO
GAYAHWS,NO,NO,NO,NO
GCSL,NO,NO,NO,NO
GEEKAYWIRE,NO,NO,NO,NO
GEMAROMA,NO,NO,NO,NO
GENCON,NO,NO,NO,NO
GENESYS,NO,NO,NO,NO
GENUSPAPER,NO,NO,NO,NO
GENUSPOWER,NO,NO,NO,NO
GEOJITFSL,NO,NO,NO,NO
GESHIP,NO,NO,YES,NO
GFLLIMITED,NO,NO,NO,NO
GHCL,NO,NO,NO,YES
GHCLTEXTIL,NO,NO,NO,NO
GICHSGFIN,NO,NO,NO,NO
GICL,NO,NO,NO,NO
GICRE,NO,NO,NO,NO
GILLANDERS,NO,NO,NO,NO
GILLETTE,NO,NO,YES,NO
GIPCL,NO,NO,NO,NO
GKB,NO,NO,NO,NO
GKENERGY,NO,NO,NO,NO
GKSL,NO,NO,NO,NO
GKWLIMITED,NO,NO,NO,NO
GLAND,NO,NO,YES,NO
GLAXO,NO,NO,NO,NO
GLENMARK,NO,YES,NO,NO
GLFL,NO,NO,NO,NO
GLOBAL,NO,NO,NO,NO
GLOBALE,NO,NO,NO,NO
GLOBALVECT,NO,NO,NO,NO
GLOBE,NO,NO,NO,NO
GLOBECIVIL,NO,NO,NO,NO
GLOBUSSPR,NO,NO,NO,NO
GLOSTERLTD,NO,NO,NO,NO
GMBREW,NO,NO,NO,NO
GMDCLTD,NO,NO,YES,NO
GMMPFAUDLR,NO,NO,NO,YES
GMRAIRPORT,NO,YES,NO,NO
GMRP&UI,NO,NO,NO,YES
GNA,NO,NO,NO,NO
GNFC,NO,NO,NO,YES
GNRL,NO,NO,NO,NO
GOACARBON,NO,NO,NO,NO
GOCLCORP,NO,NO,NO,NO
GOCOLORS,NO,NO,NO,NO
GODAVARIB,NO,NO,NO,NO
GODFRYPHLP,NO,YES,NO,NO
GODIGIT,NO,NO,YES,NO
GODREJAGRO,NO,NO,NO,YES
GODREJCP,NO,YES,NO,NO
GODREJIND,NO,NO,NO,NO
GODREJPROP,NO,YES,NO,NO
GOKEX,NO,NO,NO,YES
GOKUL,NO,NO,NO,NO
GOKULAGRO,NO,NO,NO,YES
GOLDIAM,NO,NO,NO,NO
GOODLUCK,NO,NO,NO,NO
GOODYEAR,NO,NO,NO,NO
GOPAL,NO,NO,NO,NO
GOYALALUM,NO,NO,NO,NO
GPIL,NO,NO,YES,NO
GPPL,NO,NO,NO,YES
GPTHEALTH,NO,NO,NO,NO
GPTINFRA,NO,NO,NO,NO
GRADIENTE,NO,NO,NO,NO
GRANDOAK,NO,NO,NO,NO
GRANULES,NO,NO,YES,NO
GRAPHITE,NO,NO,YES,NO
GRASIM,YES,YES,NO,NO
GRAUWEIL,NO,NO,NO,NO
GRAVISSHO,NO,NO,NO,NO
GRAVITA,NO,NO,YES,NO
GREAVESCOT,NO,NO,NO,YES
GREENLAM,NO,NO,NO,NO
GREENPANEL,NO,NO,NO,NO
GREENPLY,NO,NO,NO,NO
GREENPOWER,NO,NO,NO,NO
GRINDWELL,NO,NO,NO,YES
GRINFRA,NO,NO,NO,NO
GRMOVER,NO,NO,NO,NO
GROBTEA,NO,NO,NO,NO
GROWW,NO,NO,NO,NO
GRPLTD,NO,NO,NO,NO
GRSE,NO,NO,YES,NO
GRWRHITECH,NO,NO,NO,YES
GSFC,NO,NO,NO,YES
GSLSU,NO,NO,NO,NO
GSPCROP,NO,NO,NO,NO
GSS,NO,NO,NO,NO
GTL,NO,NO,NO,NO
GTLINFRA,NO,NO,NO,NO
GTPL,NO,NO,NO,NO
GUFICBIO,NO,NO,NO,NO
GUJALKALI,NO,NO,NO,NO
GUJAPOLLO,NO,NO,NO,NO
GUJENERGY,NO,NO,NO,NO
GUJRAFFIA,NO,NO,NO,NO
GUJTHEM,NO,NO,NO,NO
GULFOILLUB,NO,NO,NO,NO
GULPOLY,NO,NO,NO,NO
GVPIL,NO,NO,NO,NO
GVPTECH,NO,NO,NO,NO
GVT&D,NO,YES,NO,NO
GYFTR,NO,NO,NO,NO
HAL,NO,YES,NO,NO
HALDER,NO,NO,NO,NO
HALEOSLABS,NO,NO,NO,NO
HAMPTON,NO,NO,NO,NO
HAPPSTMNDS,NO,NO,NO,YES
HAPPYFORGE,NO,NO,NO,NO
HARDWYN,NO,NO,NO,NO
HARIOMPIPE,NO,NO,NO,NO
HARRMALAYA,NO,NO,NO,NO
HARSHA,NO,NO,NO,NO
HATHWAY,NO,NO,NO,NO
HATSUN,NO,NO,NO,NO
HAVELLS,NO,YES,NO,NO
HAVISHA,NO,NO,NO,NO
HAWKINCOOK,NO,NO,NO,NO
HAZOOR,NO,NO,NO,NO
HBESD,NO,NO,NO,NO
HBLENGINE,NO,NO,YES,NO
HBPOR,NO,NO,NO,NO
HBSL,NO,NO,NO,NO
HCC,NO,NO,NO,YES
HCG,NO,NO,NO,YES
HCL-INSYS,NO,NO,NO,NO
HCLTECH,YES,YES,NO,NO
HDBFS,NO,NO,NO,NO
HDFCAMC,NO,YES,NO,NO
HDFCBANK,YES,YES,NO,NO
HDFCLIFE,YES,YES,NO,NO
HEADSUP,NO,NO,NO,NO
HEALTHX,NO,NO,NO,NO
HECPROJECT,NO,NO,NO,NO
HEG,NO,NO,YES,NO
HEIDELBERG,NO,NO,NO,NO
HEMIPROP,NO,NO,NO,YES
HERANBA,NO,NO,NO,NO
HERITGFOOD,NO,NO,NO,YES
HEROMOTOCO,NO,YES,NO,NO
HESTERBIO,NO,NO,NO,NO
HEXATRADEX,NO,NO,NO,NO
HEXT,NO,NO,NO,NO
HFCL,NO,NO,YES,NO
HGINFRA,NO,NO,NO,YES
HGM,NO,NO,NO,NO
HGS,NO,NO,NO,NO
HIKAL,NO,NO,NO,NO
HILINFRA,NO,NO,NO,NO
HIMATSEIDE,NO,NO,NO,NO
HINDADH,NO,NO,NO,NO
HINDALCO,YES,YES,NO,NO
HINDALUMI,NO,NO,NO,NO
HINDCOMPOS,NO,NO,NO,NO
HINDCON,NO,NO,NO,NO
HINDCOPPER,NO,NO,YES,NO
HINDOILEXP,NO,NO,NO,NO
HINDPETRO,NO,YES,NO,NO
HINDUNILVR,YES,YES,NO,NO
HINDWAREAP,NO,NO,NO,NO
HINDZINC,NO,YES,NO,NO
HIRECT,NO,NO,NO,NO
HISARMETAL,NO,NO,NO,NO
HITECH,NO,NO,NO,NO
HLEGLAS,NO,NO,NO,NO
HLVLTD,NO,NO,NO,NO
HMAAGRO,NO,NO,NO,NO
HNDFDS,NO,NO,NO,NO
HOMEFIRST,NO,NO,YES,NO
HONASA,NO,NO,YES,NO
HONAUT,NO,NO,NO,NO
HONDAPOWER,NO,NO,NO,NO
HPAL,NO,NO,NO,NO
HPIL,NO,NO,NO,NO
HPL,NO,NO,NO,NO
HRYNSHP,NO,NO,NO,NO
HSCL,NO,NO,YES,NO
HTMEDIA,NO,NO,NO,NO
HUBTOWN,NO,NO,NO,NO
HUDCO,NO,NO,NO,NO
HUHTAMAKI,NO,NO,NO,NO
HYUNDAI,NO,YES,NO,NO
IBULLSLTD,NO,NO,NO,NO
ICDSLTD,NO,NO,NO,NO
ICEMAKE,NO,NO,NO,NO
ICICIAMC,NO,NO,NO,NO
ICICIBANK,YES,YES,NO,NO
ICICIGI,NO,YES,NO,NO
ICICIPRULI,NO,YES,NO,NO
ICIL,NO,NO,NO,YES
ICRA,NO,NO,NO,NO
IDBI,NO,NO,YES,NO
IDEA,NO,YES,NO,NO
IDEAFORGE,NO,NO,NO,NO
IDFCFIRSTB,NO,YES,NO,NO
IEX,NO,YES,YES,NO
IFBAGRO,NO,NO,NO,NO
IFBIND,NO,NO,NO,YES
IFCI,NO,NO,YES,NO
IFGLEXPOR,NO,NO,NO,NO
IGARASHI,NO,NO,NO,NO
IGCL,NO,NO,NO,NO
IGIL,NO,NO,YES,NO
IGL,NO,NO,YES,NO
IGPL,NO,NO,NO,NO
IIFL,NO,NO,YES,NO
IIFLCAPS,NO,NO,NO,YES
IITL,NO,NO,NO,NO
IKIO,NO,NO,NO,NO
IKS,NO,NO,YES,NO
IMAGICAA,NO,NO,NO,NO
IMFA,NO,NO,NO,YES
IMPAL,NO,NO,NO,NO
INA,NO,NO,NO,NO
INCREDIBLE,NO,NO,NO,NO
INDBANK,NO,NO,NO,NO
INDGN,NO,NO,YES,NO
INDHOTEL,NO,YES,NO,NO
INDIACEM,NO,NO,YES,NO
INDIAGLYCO,NO,NO,NO,YES
INDIAMART,NO,NO,YES,NO
INDIANB,NO,YES,NO,NO
INDIANCARD,NO,NO,NO,NO
INDIANHUME,NO,NO,NO,NO
INDIASHLTR,NO,NO,NO,YES
INDIGO,YES,YES,NO,NO
INDIGOPNTS,NO,NO,NO,YES
INDIQUBE,NO,NO,NO,NO
INDNIPPON,NO,NO,NO,NO
INDOBORAX,NO,NO,NO,NO
INDOCO,NO,NO,NO,NO
INDOFARM,NO,NO,NO,NO
INDOKEM,NO,NO,NO,NO
INDOMIM,NO,NO,NO,NO
INDORAMA,NO,NO,NO,NO
INDOSTAR,NO,NO,NO,NO
INDOTECH,NO,NO,NO,NO
INDOTHAI,NO,NO,NO,NO
INDOUS,NO,NO,NO,NO
INDOWIND,NO,NO,NO,NO
INDPRUD,NO,NO,NO,NO
INDRAMEDCO,NO,NO,NO,NO
INDSWFTLAB,NO,NO,NO,NO
INDTERRAIN,NO,NO,NO,NO
INDUSINDBK,NO,YES,NO,NO
INDUSTOWER,NO,YES,NO,NO
INFOBEAN,NO,NO,NO,NO
INFOMEDIA,NO,NO,NO,NO
INFY,YES,YES,NO,NO
INGERRAND,NO,NO,NO,NO
INNOVACAP,NO,NO,NO,NO
INNOVANA,NO,NO,NO,NO
INNOVISION,NO,NO,NO,NO
INOXGREEN,NO,NO,NO,YES
INOXINDIA,NO,NO,NO,YES
INOXWIND,NO,YES,YES,NO
INSECTICID,NO,NO,NO,NO
INTELLECT,NO,NO,YES,NO
INTENTECH,NO,NO,NO,NO
INTERARCH,NO,NO,NO,NO
INTLCONV,NO,NO,NO,NO
INVENTURE,NO,NO,NO,NO
IOB,NO,NO,YES,NO
IOC,NO,YES,NO,NO
IOLCP,NO,NO,NO,NO
IONEXCHANG,NO,NO,NO,YES
IPCALAB,NO,NO,NO,NO
IPL,NO,NO,NO,NO
IPRINGLTD,NO,NO,NO,NO
IRB,NO,NO,YES,NO
IRCON,NO,NO,YES,NO
IRCTC,NO,NO,NO,NO
IREDA,NO,YES,NO,NO
IRFC,NO,YES,NO,NO
IRIS,NO,NO,NO,NO
IRISDOREME,NO,NO,NO,NO
IRMENERGY,NO,NO,NO,NO
ISFT,NO,NO,NO,NO
ISGEC,NO,NO,NO,NO
ISHANCH,NO,NO,NO,NO
ISTLTD,NO,NO,NO,NO
ITC,YES,YES,NO,NO
ITCHOTELS,NO,NO,NO,NO
ITDC,NO,NO,NO,NO
ITI,NO,NO,YES,NO
ITL,NO,NO,NO,NO
IVALUE,NO,NO,NO,NO
IVC,NO,NO,NO,NO
IWP,NO,NO,NO,NO
IXIGO,NO,NO,NO,YES
IZMO,NO,NO,NO,NO
J&KBANK,NO,NO,YES,NO
JAGRAN,NO,NO,NO,NO
JAGSNPHARM,NO,NO,NO,NO
JAIBALAJI,NO,NO,NO,YES
JAICORPLTD,NO,NO,NO,NO
JAINREC,NO,NO,YES,NO
JAIPURKURT,NO,NO,NO,NO
JAMNAAUTO,NO,NO,NO,YES
JARO,NO,NO,NO,NO
JASH,NO,NO,NO,NO
JAYAGROGN,NO,NO,NO,NO
JAYBARMARU,NO,NO,NO,NO
JAYKAY,NO,NO,NO,NO
JAYNECOIND,NO,NO,NO,YES
JAYSREETEA,NO,NO,NO,NO
JBMA,NO,NO,YES,NO
JENBURPH,NO,NO,NO,NO
JETFREIGHT,NO,NO,NO,NO
JGCHEM,NO,NO,NO,NO
JHS,NO,NO,NO,NO
JINDALPHOT,NO,NO,NO,NO
JINDALPOLY,NO,NO,NO,NO
JINDALSAW,NO,NO,YES,NO
JINDALSTEL,NO,YES,NO,NO
JINDRILL,NO,NO,NO,NO
JINDWORLD,NO,NO,NO,NO
JIOFIN,YES,YES,NO,NO
JISLDVREQS,NO,NO,NO,NO
JISLJALEQS,NO,NO,NO,NO
JITFINFRA,NO,NO,NO,NO
JKCEMENT,NO,NO,NO,NO
JKIL,NO,NO,NO,NO
JKIPL,NO,NO,NO,NO
JKLAKSHMI,NO,NO,NO,YES
JKPAPER,NO,NO,NO,YES
JKTYRE,NO,NO,YES,NO
JLHL,NO,NO,NO,YES
JMA,NO,NO,NO,NO
JMFINANCIL,NO,NO,YES,NO
JNKINDIA,NO,NO,NO,NO
JNPR,NO,NO,NO,NO
JPOLYINVST,NO,NO,NO,NO
JPPOWER,NO,NO,YES,NO
JSFB,NO,NO,NO,YES
JSL,NO,NO,NO,NO
JSLL,NO,NO,NO,YES
JSWCEMENT,NO,NO,YES,NO
JSWDULUX,NO,NO,YES,NO
JSWENERGY,NO,YES,NO,NO
JSWHL,NO,NO,NO,NO
JSWINFRA,NO,NO,NO,NO
JSWSTEEL,YES,YES,NO,NO
JTEKTINDIA,NO,NO,NO,NO
JTLIND,NO,NO,NO,NO
JUBLCPL,NO,NO,NO,NO
JUBLFOOD,NO,YES,NO,NO
JUBLINGREA,NO,NO,YES,NO
JUBLPHARMA,NO,NO,YES,NO
JUNIPER,NO,NO,NO,NO
JUSTDIAL,NO,NO,NO,YES
JWL,NO,NO,YES,NO
JYOTHYLAB,NO,NO,NO,YES
JYOTICNC,NO,NO,YES,NO
JYOTIRES,NO,NO,NO,NO
JYOTISTRUC,NO,NO,NO,NO
KABRAEXTRU,NO,NO,NO,NO
KAJARIACER,NO,NO,YES,NO
KAKATCEM,NO,NO,NO,NO
KALAMANDIR,NO,NO,NO,NO
KALPATARU,NO,NO,NO,NO
KALYANIFRG,NO,NO,NO,NO
KALYANKJIL,NO,YES,NO,NO
KAMAHOLD,NO,NO,NO,NO
KAMANWALA,NO,NO,NO,NO
KAMATHOTEL,NO,NO,NO,NO
KAMOPAINTS,NO,NO,NO,NO
KANANIIND,NO,NO,NO,NO
KANCHI,NO,NO,NO,NO
KANCOTEA,NO,NO,NO,NO
KANPRPLA,NO,NO,NO,NO
KANSAINER,NO,NO,NO,YES
KAPSTON,NO,NO,NO,NO
KARMAENG,NO,NO,NO,NO
KARURVYSYA,NO,NO,YES,NO
KAVDEFENCE,NO,NO,NO,NO
KAYA,NO,NO,NO,NO
KAYNES,NO,YES,YES,NO
KCP,NO,NO,NO,NO
KDDL,NO,NO,NO,NO
KEC,NO,NO,YES,NO
KECL,NO,NO,NO,NO
KEEPLEARN,NO,NO,NO,NO
KEI,NO,YES,NO,NO
KELLTONTEC,NO,NO,NO,NO
KENNAMET,NO,NO,NO,NO
KERNEX,NO,NO,NO,NO
KEYFINSERV,NO,NO,NO,NO
KFINTECH,NO,YES,YES,NO
KHAICHEM,NO,NO,NO,NO
KHAITANLTD,NO,NO,NO,NO
KHANDSE,NO,NO,NO,NO
KICL,NO,NO,NO,NO
KIMS,NO,NO,YES,NO
KINGFA,NO,NO,NO,NO
KIOCL,NO,NO,NO,NO
KIRANVYPAR,NO,NO,NO,NO
KIRIINDUS,NO,NO,NO,NO
KIRLFER,NO,NO,NO,NO
KIRLOSBROS,NO,NO,NO,YES
KIRLOSENG,NO,NO,YES,NO
KIRLOSIND,NO,NO,NO,NO
KIRLPNU,NO,NO,NO,YES
KISSHT,NO,NO,NO,NO
KITEX,NO,NO,NO,YES
KJMCFIN,NO,NO,NO,NO
KKCL,NO,NO,NO,NO
KLBRENG-B,NO,NO,NO,NO
KMCSHIL,NO,NO,NO,NO
KMEW,NO,NO,NO,NO
KMSUGAR,NO,NO,NO,NO
KNACK,NO,NO,NO,NO
KNAGRI,NO,NO,NO,NO
KNRCON,NO,NO,NO,YES
KOHINOOR,NO,NO,NO,NO
KOKUYOCMLN,NO,NO,NO,NO
KOLTEPATIL,NO,NO,NO,NO
KOTAKBANK,YES,YES,NO,NO
KOTARISUG,NO,NO,NO,NO
KOTHARIPET,NO,NO,NO,NO
KOTHARIPRO,NO,NO,NO,NO
KOTIC,NO,NO,NO,NO
KOVAI,NO,NO,NO,NO
KPEL,NO,NO,NO,NO
KPIGREEN,NO,NO,NO,YES
KPIL,NO,NO,YES,NO
KPITTECH,NO,YES,NO,NO
KPL,NO,NO,NO,NO
KPRMILL,NO,NO,NO,NO
KRBL,NO,NO,NO,YES
KREBSBIO,NO,NO,NO,NO
KRISHANA,NO,NO,NO,NO
KRISHIVAL,NO,NO,NO,NO
KRISHNADEF,NO,NO,NO,NO
KRITI,NO,NO,NO,NO
KRITIKA,NO,NO,NO,NO
KRITINUT,NO,NO,NO,NO
KRN,NO,NO,NO,YES
KRONOX,NO,NO,NO,NO
KROSS,NO,NO,NO,NO
KRSNAA,NO,NO,NO,NO
KRYSTAL,NO,NO,NO,NO
KSB,NO,NO,NO,YES
KSCL,NO,NO,NO,YES
KSE,NO,NO,NO,NO
KSHINTL,NO,NO,NO,NO
KSHITIJPOL,NO,NO,NO,NO
KSL,NO,NO,NO,NO
KSOLVES,NO,NO,NO,NO
KSR,NO,NO,NO,NO
KTKBANK,NO,NO,NO,YES
KUANTUM,NO,NO,NO,NO
KUSUMGAR,NO,NO,NO,NO
KWIL,NO,NO,NO,NO
LADDERUP,NO,NO,NO,NO
LAGNAM,NO,NO,NO,NO
LAHOTIOV,NO,NO,NO,NO
LAKSHMIMIL,NO,NO,NO,NO
LAL,NO,NO,NO,NO
LALPATHLAB,NO,NO,YES,NO
LAMBODHARA,NO,NO,NO,NO
LANCER,NO,NO,NO,NO
LANCORHOL,NO,NO,NO,NO
LANDMARK,NO,NO,NO,NO
LANDSMILL,NO,NO,NO,NO
LAOPALA,NO,NO,NO,NO
LASA,NO,NO,NO,NO
LASERPOWER,NO,NO,NO,NO
LATENTVIEW,NO,NO,YES,NO
LATTEYS,NO,NO,NO,NO
LAURUSLABS,NO,YES,NO,NO
LAXMICOT,NO,NO,NO,NO
LAXMIDENTL,NO,NO,NO,NO
LAXMIINDIA,NO,NO,NO,NO
LCCINFOTEC,NO,NO,NO,NO
LCL,NO,NO,NO,NO
LEAPIND,NO,NO,NO,NO
LEENEE,NO,NO,NO,NO
LEMERITE,NO,NO,NO,NO
LEMONTREE,NO,NO,YES,NO
LENSKART,NO,NO,NO,NO
LEXUS,NO,NO,NO,NO
LFIC,NO,NO,NO,NO
LGBBROSLTD,NO,NO,NO,NO
LGEINDIA,NO,NO,NO,NO
LGHL,NO,NO,NO,NO
LIBAS,NO,NO,NO,NO
LIBERTSHOE,NO,NO,NO,NO
LICHSGFIN,NO,YES,NO,NO
LICI,NO,YES,NO,NO
LIKHITHA,NO,NO,NO,NO
LINC,NO,NO,NO,NO
LINCOLN,NO,NO,NO,NO
LINDEINDIA,NO,NO,NO,NO
LKPSEC,NO,NO,NO,NO
LLOYDSENGG,NO,NO,NO,YES
LLOYDSENT,NO,NO,NO,YES
LLOYDSME,NO,NO,NO,NO
LMW,NO,NO,NO,NO
LODHA,NO,YES,NO,NO
LORDSCHLO,NO,NO,NO,NO
LOTUSCHO,NO,NO,NO,NO
LOTUSEYE,NO,NO,NO,NO
LOVABLE,NO,NO,NO,NO
LOYALTEX,NO,NO,NO,NO
LPDC,NO,NO,NO,NO
LT,YES,YES,NO,NO
LTF,NO,YES,NO,NO
LTFOODS,NO,NO,YES,NO
LTM,NO,YES,NO,NO
LTTS,NO,NO,NO,NO
LUMAXIND,NO,NO,NO,NO
LUMAXTECH,NO,NO,NO,YES
LUPIN,NO,YES,NO,NO
LUXIND,NO,NO,NO,NO
LXCHEM,NO,NO,NO,YES
M&M,YES,YES,NO,NO
M&MFIN,NO,NO,NO,NO
MAANALU,NO,NO,NO,NO
MACPOWER,NO,NO,NO,NO
MADHAV,NO,NO,NO,NO
MADHAVIPL,NO,NO,NO,NO
MADRASFERT,NO,NO,NO,NO
MAFATIND,NO,NO,NO,NO
MAGADSUGAR,NO,NO,NO,NO
MAGNUM,NO,NO,NO,NO
MAHABANK,NO,YES,NO,NO
MAHAPEXLTD,NO,NO,NO,NO
MAHEPC,NO,NO,NO,NO
MAHLIFE,NO,NO,NO,NO
MAHLOG,NO,NO,NO,NO
MAHSCOOTER,NO,NO,NO,YES
MAHSEAMLES,NO,NO,NO,YES
MAITHANALL,NO,NO,NO,NO
MAKERSL,NO,NO,NO,NO
MALLCOM,NO,NO,NO,NO
MALUPAPER,NO,NO,NO,NO
MAMATA,NO,NO,NO,NO
MANAKALUCO,NO,NO,NO,NO
MANAKCOAT,NO,NO,NO,NO
MANAKSIA,NO,NO,NO,NO
MANAKSTEEL,NO,NO,NO,NO
MANALIPETC,NO,NO,NO,NO
MANAPPURAM,NO,YES,YES,NO
MANBA,NO,NO,NO,NO
MANBRO,NO,NO,NO,NO
MANCREDIT,NO,NO,NO,NO
MANGALAM,NO,NO,NO,NO
MANGLMCEM,NO,NO,NO,NO
MANINDS,NO,NO,NO,NO
MANINFRA,NO,NO,NO,NO
MANIPALHOS,NO,NO,NO,NO
MANKIND,NO,YES,NO,NO
MANOMAY,NO,NO,NO,NO
MANORAMA,NO,NO,NO,YES
MANORG,NO,NO,NO,NO
MANYAVAR,NO,NO,NO,YES
MAPMYINDIA,NO,NO,YES,NO
MARALOVER,NO,NO,NO,NO
MARATHON,NO,NO,NO,NO
MARICO,NO,YES,NO,NO
MARINE,NO,NO,NO,NO
MARKOLINES,NO,NO,NO,NO
MARKSANS,NO,NO,NO,YES
MARSONS,NO,NO,NO,NO
MARUTI,YES,YES,NO,NO
MASFIN,NO,NO,NO,NO
MASKINVEST,NO,NO,NO,NO
MASTEK,NO,NO,NO,YES
MASTERTR,NO,NO,NO,NO
MATRIMONY,NO,NO,NO,NO
MAWANASUG,NO,NO,NO,NO
MAXESTATES,NO,NO,NO,NO
MAXHEALTH,YES,YES,NO,NO
MAXIND,NO,NO,NO,NO
MAYURUNIQ,NO,NO,NO,NO
MAZDOCK,NO,YES,NO,NO
MBAPL,NO,NO,NO,NO
MBEL,NO,NO,NO,NO
MBLINFRA,NO,NO,NO,NO
MCCHRLS-B,NO,NO,NO,NO
MCL,NO,NO,NO,NO
MCLEODRUSS,NO,NO,NO,NO
MCLOUD,NO,NO,NO,NO
MCX,NO,YES,NO,NO
MEDANTA,NO,NO,NO,NO
MEDIASSIST,NO,NO,NO,NO
MEDICAMEQ,NO,NO,NO,NO
MEDICAPQ,NO,NO,NO,NO
MEDICO,NO,NO,NO,NO
MEDPLUS,NO,NO,NO,YES
MEESHO,NO,NO,YES,NO
MEGASTAR,NO,NO,NO,NO
MEIL,NO,NO,NO,NO
MENNPIS,NO,NO,NO,NO
MERCANTILE,NO,NO,NO,NO
MERCURYEV,NO,NO,NO,NO
METROBRAND,NO,NO,NO,NO
METROGLOBL,NO,NO,NO,NO
METROPOLIS,NO,NO,NO,YES
MFML,NO,NO,NO,NO
MFSL,NO,YES,NO,NO
MGL,NO,NO,YES,NO
MHRIL,NO,NO,NO,NO
MIDHANI,NO,NO,NO,YES
MIDWESTLTD,NO,NO,NO,NO
MIIL,NO,NO,NO,NO
MILKYMIST,NO,NO,NO,NO
MINALIND,NO,NO,NO,NO
MINDACORP,NO,NO,YES,NO
MINDTECK,NO,NO,NO,NO
MIRZAINT,NO,NO,NO,NO
MITTAL,NO,NO,NO,NO
MKEXIM,NO,NO,NO,NO
MKPL,NO,NO,NO,NO
MLKFOOD,NO,NO,NO,NO
MMFL,NO,NO,NO,NO
MMP,NO,NO,NO,NO
MMTC,NO,NO,YES,NO
MMWL,NO,NO,NO,NO
MOBIKWIK,NO,NO,NO,NO
MODIRUBBER,NO,NO,NO,NO
MODIS,NO,NO,NO,NO
MODTHREAD,NO,NO,NO,NO
MOHITE,NO,NO,NO,NO
MOHITIND,NO,NO,NO,NO
MOIL,NO,NO,NO,YES
MOKSH,NO,NO,NO,NO
MOL,NO,NO,NO,NO
MOLBIO,NO,NO,NO,NO
MOLDTKPAC,NO,NO,NO,NO
MONARCH,NO,NO,NO,NO
MONEYBOXX,NO,NO,NO,NO
MONTECARLO,NO,NO,NO,NO
MOREPENLAB,NO,NO,NO,NO
MOSCHIP,NO,NO,NO,NO
MOTHERSON,NO,YES,NO,NO
MOTILALOFS,NO,YES,NO,NO
MOTISONS,NO,NO,NO,NO
MPDL,NO,NO,NO,NO
MPHASIS,NO,YES,NO,NO
MPSLTD,NO,NO,NO,NO
MRF,NO,NO,NO,NO
MRPL,NO,NO,YES,NO
MSL,NO,NO,NO,NO
MSPL,NO,NO,NO,NO
MSTCLTD,NO,NO,NO,YES
MSUMI,NO,NO,YES,NO
MTNL,NO,NO,NO,NO
MUFIN,NO,NO,NO,NO
MUFTI,NO,NO,NO,NO
MUKANDLTD,NO,NO,NO,NO
MUKESHB,NO,NO,NO,NO
MUKKA,NO,NO,NO,NO
MUNJALAU,NO,NO,NO,NO
MUNJALSHOW,NO,NO,NO,NO
MURUDCERA,NO,NO,NO,NO
MUTHOOTCAP,NO,NO,NO,NO
MUTHOOTFIN,NO,YES,NO,NO
MUTHOOTMF,NO,NO,NO,NO
MVELECTRO,NO,NO,NO,NO
MVGJL,NO,NO,NO,NO
MWL,NO,NO,NO,NO
MYSORPETRO,NO,NO,NO,NO
NACLIND,NO,NO,NO,NO
NAGREEKCAP,NO,NO,NO,NO
NAGREEKEXP,NO,NO,NO,NO
NAHARCAP,NO,NO,NO,NO
NAHARINDUS,NO,NO,NO,NO
NAHARPOLY,NO,NO,NO,NO
NAHARSPING,NO,NO,NO,NO
NAM-INDIA,NO,YES,NO,NO
NARMADA,NO,NO,NO,NO
NATCAPSUQ,NO,NO,NO,NO
NATCOPHARM,NO,NO,YES,NO
NATHBIOGEN,NO,NO,NO,NO
NATIONALUM,NO,YES,NO,NO
NATIONSTD,NO,NO,NO,NO
NAUKRI,NO,YES,NO,NO
NAVA,NO,NO,YES,NO
NAVINFLUOR,NO,NO,YES,NO
NAVKARCORP,NO,NO,NO,NO
NAVNETEDUL,NO,NO,NO,NO
NAZARA,NO,NO,NO,YES
NBCC,NO,YES,YES,NO
NBIFIN,NO,NO,NO,NO
NCC,NO,NO,YES,NO
NCLIND,NO,NO,NO,NO
NDGL,NO,NO,NO,NO
NDL,NO,NO,NO,NO
NDLVENTURE,NO,NO,NO,NO
NDRAUTO,NO,NO,NO,NO
NDTV,NO,NO,NO,NO
NEAGI,NO,NO,NO,NO
NECLIFE,NO,NO,NO,NO
NELCAST,NO,NO,NO,NO
NELCO,NO,NO,NO,NO
NEOGEN,NO,NO,NO,YES
NEPHROPLUS,NO,NO,NO,NO
NESCO,NO,NO,NO,YES
NESTLEIND,YES,YES,NO,NO
NETWEB,NO,NO,YES,NO
NETWORK18,NO,NO,NO,YES
NEULANDLAB,NO,NO,YES,NO
NEWGEN,NO,NO,YES,NO
NEXTMEDIA,NO,NO,NO,NO
NFL,NO,NO,NO,YES
NGLFINE,NO,NO,NO,NO
NH,NO,NO,YES,NO
NHPC,NO,YES,NO,NO
NIACL,NO,NO,NO,NO
NIBE,NO,NO,NO,NO
NIBL,NO,NO,NO,NO
NICCOPAR,NO,NO,NO,NO
NIITLTD,NO,NO,NO,NO
NIITMTS,NO,NO,NO,NO
NILAINFRA,NO,NO,NO,NO
NILASPACES,NO,NO,NO,NO
NILE,NO,NO,NO,NO
NILKAMAL,NO,NO,NO,NO
NIMBSPROJ,NO,NO,NO,NO
NINSYS,NO,NO,NO,NO
NIPPOBATRY,NO,NO,NO,NO
NIRAJ,NO,NO,NO,NO
NIRAJISPAT,NO,NO,NO,NO
NIRLON,NO,NO,NO,NO
NITCO,NO,NO,NO,NO
NITINSPIN,NO,NO,NO,NO
NITIRAJ,NO,NO,NO,NO
NITTAGELA,NO,NO,NO,NO
NIVABUPA,NO,NO,YES,NO
NKIND,NO,NO,NO,NO
NLCINDIA,NO,NO,NO,NO
NMDC,NO,YES,NO,NO
NOCIL,NO,NO,NO,NO
NORBTEAEXP,NO,NO,NO,NO
NORTHARC,NO,NO,NO,NO
NOVARTIND,NO,NO,NO,NO
NPST,NO,NO,NO,NO
NRAIL,NO,NO,NO,NO
NRBBEARING,NO,NO,NO,NO
NSIL,NO,NO,NO,NO
NSLNISP,NO,NO,YES,NO
NTCIND,NO,NO,NO,NO
NTPC,YES,YES,NO,NO
NTPCGREEN,NO,NO,NO,NO
NUCLEUS,NO,NO,NO,NO
NUVAMA,NO,NO,YES,NO
NUVOCO,NO,NO,YES,NO
NYKAA,NO,YES,NO,NO
OAL,NO,NO,NO,NO
OBCL,NO,NO,NO,NO
OBEROIRLTY,NO,YES,NO,NO
ODIGMA,NO,NO,NO,NO
ODYCORP,NO,NO,NO,NO
OFSS,NO,YES,NO,NO
OIL,NO,YES,NO,NO
OLAELEC,NO,NO,YES,NO
OLECTRA,NO,NO,YES,NO
OMAXAUTO,NO,NO,NO,NO
OMAXE,NO,NO,NO,NO
OMINFRAL,NO,NO,NO,NO
OMNI,NO,NO,NO,NO
OMPOWER,NO,NO,NO,NO
ONEGLOBAL,NO,NO,NO,NO
ONEPOINT,NO,NO,NO,NO
ONESOURCE,NO,NO,YES,NO
ONGC,YES,YES,NO,NO
ONIDA,NO,NO,NO,NO
ONIXSOLAR,NO,NO,NO,NO
ONWARDTEC,NO,NO,NO,NO
OPTIEMUS,NO,NO,NO,YES
OPTIFIN,NO,NO,NO,NO
ORCHASP,NO,NO,NO,NO
ORCHPHARMA,NO,NO,NO,NO
ORICONENT,NO,NO,NO,NO
ORIENTALTL,NO,NO,NO,NO
ORIENTBELL,NO,NO,NO,NO
ORIENTCEM,NO,NO,NO,YES
ORIENTCER,NO,NO,NO,NO
ORIENTELEC,NO,NO,NO,NO
ORIENTHOT,NO,NO,NO,NO
ORIENTPPR,NO,NO,NO,NO
ORIENTTECH,NO,NO,NO,NO
ORIRAIL,NO,NO,NO,NO
ORISSAMINE,NO,NO,NO,NO
ORKLAINDIA,NO,NO,NO,YES
ORTINGLOBE,NO,NO,NO,NO
OSWALAGRO,NO,NO,NO,NO
OSWALGREEN,NO,NO,NO,NO
OSWALPUMPS,NO,NO,NO,YES
OSWALSEEDS,NO,NO,NO,NO
PACEDIGITK,NO,NO,NO,NO
PACIFICI,NO,NO,NO,NO
PAGEIND,NO,YES,NO,NO
PAISALO,NO,NO,NO,NO
PAKKA,NO,NO,NO,NO
PALASHSECU,NO,NO,NO,NO
PANACEABIO,NO,NO,NO,NO
PANAMAPET,NO,NO,NO,NO
PANCHMAHQ,NO,NO,NO,NO
PANORAMA,NO,NO,NO,NO
PANSARI,NO,NO,NO,NO
PAR,NO,NO,NO,NO
PARACABLES,NO,NO,NO,NO
PARADEEP,NO,NO,YES,NO
PARAGMILK,NO,NO,NO,NO
PARAS,NO,NO,NO,YES
PARASPETRO,NO,NO,NO,NO
PARKHOSPS,NO,NO,NO,YES
PARKHOTELS,NO,NO,NO,NO
PARNAXLAB,NO,NO,NO,NO
PASHUPATI,NO,NO,NO,NO
PATANJALI,NO,YES,NO,NO
PATELENG,NO,NO,NO,NO
PATELRMART,NO,NO,NO,NO
PAUSHAKLTD,NO,NO,NO,NO
PAVNAIND,NO,NO,NO,NO
PAYTM,NO,YES,NO,NO
PBMPOLY,NO,NO,NO,NO
PCBL,NO,NO,YES,NO
PCJEWELLER,NO,NO,NO,YES
PDMJEPAPER,NO,NO,NO,NO
PDSL,NO,NO,NO,NO
PEARLPOLY,NO,NO,NO,NO
PENIND,NO,NO,NO,NO
PERMAGN,NO,NO,NO,NO
PERSISTENT,NO,YES,NO,NO
PETRONET,NO,YES,NO,NO
PFC,NO,YES,NO,NO
PFIZER,NO,NO,YES,NO
PFOCUS,NO,NO,YES,NO
PFS,NO,NO,NO,NO
PGEL,NO,YES,YES,NO
PGHH,NO,NO,NO,NO
PGHL,NO,NO,NO,NO
PGIL,NO,NO,NO,YES
PHOENIXLTD,NO,YES,NO,NO
PHOENXINTL,NO,NO,NO,NO
PICCADIL,NO,NO,NO,YES
PIDILITIND,NO,YES,NO,NO
PIGL,NO,NO,NO,NO
PIIND,NO,YES,NO,NO
PILANIINVS,NO,NO,NO,NO
PILITA,NO,NO,NO,NO
PINELABS,NO,NO,YES,NO
PIONEEREMB,NO,NO,NO,NO
PIRAMALFIN,NO,NO,YES,NO
PITTIENG,NO,NO,NO,NO
PIXTRANS,NO,NO,NO,NO
PKTEA,NO,NO,NO,NO
PLASTIBLEN,NO,NO,NO,NO
PLATIND,NO,NO,NO,NO
PLAZACABLE,NO,NO,NO,NO
PML,NO,NO,NO,NO
PNB,NO,YES,NO,NO
PNBGILTS,NO,NO,NO,NO
PNBHOUSING,NO,YES,YES,NO
PNC,NO,NO,NO,NO
PNCINFRA,NO,NO,NO,YES
PNGJL,NO,NO,NO,YES
PNGSREVA,NO,NO,NO,NO
POCL,NO,NO,NO,NO
PODDARMENT,NO,NO,NO,NO
POEL,NO,NO,NO,NO
POKARNA,NO,NO,NO,NO
POLICYBZR,NO,YES,NO,NO
POLYCAB,NO,YES,NO,NO
POLYMED,NO,NO,YES,NO
POLYPLEX,NO,NO,NO,NO
POLYSPIN,NO,NO,NO,NO
PONNIERODE,NO,NO,NO,NO
POONAWALLA,NO,NO,YES,NO
POWERGRID,YES,YES,NO,NO
POWERICA,NO,NO,NO,NO
POWERINDIA,NO,YES,NO,NO
POWERMECH,NO,NO,NO,YES
PPLPHARMA,NO,NO,YES,NO
PRABHA,NO,NO,NO,NO
PRAENG,NO,NO,NO,NO
PRAJIND,NO,NO,NO,YES
PRAKASH,NO,NO,NO,NO
PRAKASHSTL,NO,NO,NO,NO
PRAVEG,NO,NO,NO,NO
PRAXIS,NO,NO,NO,NO
PRECAM,NO,NO,NO,NO
PRECOT,NO,NO,NO,NO
PRECWIRE,NO,NO,NO,NO
PREMCO,NO,NO,NO,NO
PREMEXPLN,NO,NO,NO,NO
PREMIERENE,NO,YES,NO,NO
PREMIERPOL,NO,NO,NO,NO
PRESTIGE,NO,YES,NO,NO
PRICOLLTD,NO,NO,NO,YES
PRIMESECU,NO,NO,NO,NO
PRIMO,NO,NO,NO,NO
PRINCEPIPE,NO,NO,NO,NO
PRISMX,NO,NO,NO,NO
PRIVISCL,NO,NO,NO,YES
PROSTARM,NO,NO,NO,NO
PROTEAN,NO,NO,NO,NO
PROZONER,NO,NO,NO,NO
PRSMJOHNSN,NO,NO,NO,YES
PRUDENT,NO,NO,NO,YES
PSB,NO,NO,NO,NO
PSPPROJECT,NO,NO,NO,NO
PTC,NO,NO,NO,YES
PTCIL,NO,NO,YES,NO
PTL,NO,NO,NO,NO
PUNJABCHEM,NO,NO,NO,NO
PURVA,NO,NO,NO,YES
PVP,NO,NO,NO,NO
PVRINOX,NO,NO,YES,NO
PVSL,NO,NO,NO,NO
PWL,NO,NO,YES,NO
PYRAMID,NO,NO,NO,NO
QPOWER,NO,NO,NO,YES
QUADFUTURE,NO,NO,NO,NO
QUESS,NO,NO,NO,YES
QUINT,NO,NO,NO,NO
RACE,NO,NO,NO,NO
RACLGEAR,NO,NO,NO,NO
RADAAN,NO,NO,NO,NO
RADHIKAJWE,NO,NO,NO,NO
RADIANTCMS,NO,NO,NO,NO
RADICO,NO,YES,NO,NO
RADIOCITY,NO,NO,NO,NO
RAILTEL,NO,NO,YES,NO
RAIN,NO,NO,NO,YES
RAINBOW,NO,NO,YES,NO
RAJMET,NO,NO,NO,NO
RAJPALAYAM,NO,NO,NO,NO
RAJRATAN,NO,NO,NO,NO
RAJSREESUG,NO,NO,NO,NO
RAJTV,NO,NO,NO,NO
RALLIS,NO,NO,NO,YES
RAMANEWS,NO,NO,NO,NO
RAMAPHO,NO,NO,NO,NO
RAMBHAJO,NO,NO,NO,NO
RAMCOCEM,NO,NO,YES,NO
RAMCOIND,NO,NO,NO,NO
RAMCOSYS,NO,NO,NO,NO
RAMKY,NO,NO,NO,NO
RAMRAT,NO,NO,NO,NO
RANASUG,NO,NO,NO,NO
RANEHOLDIN,NO,NO,NO,NO
RATEGAIN,NO,NO,NO,YES
RATNAMANI,NO,NO,NO,YES
RATNAVEER,NO,NO,NO,NO
RAYMOND,NO,NO,NO,NO
RAYMONDLSL,NO,NO,NO,YES
RAYMONDREL,NO,NO,NO,NO
RBA,NO,NO,NO,YES
RBLBANK,NO,YES,YES,NO
RBZJEWEL,NO,NO,NO,NO
RCF,NO,NO,NO,YES
RECLTD,NO,YES,NO,NO
REDINGTON,NO,NO,YES,NO
REDTAPE,NO,NO,NO,YES
REFEX,NO,NO,NO,YES
REGAAL,NO,NO,NO,NO
REGENCERAM,NO,NO,NO,NO
RELAXO,NO,NO,NO,YES
RELCHEMQ,NO,NO,NO,NO
RELIABLE,NO,NO,NO,NO
RELIANCE,YES,YES,NO,NO
RELIGARE,NO,NO,NO,YES
RELTD,NO,NO,NO,NO
REMSONSIND,NO,NO,NO,NO
RENUKA,NO,NO,NO,YES
REPCOHOME,NO,NO,NO,NO
REPRO,NO,NO,NO,NO
RESPONIND,NO,NO,NO,NO
RETAIL,NO,NO,NO,NO
RGL,NO,NO,NO,NO
RHETAN,NO,NO,NO,NO
RHIM,NO,NO,YES,NO
RHL,NO,NO,NO,NO
RICOAUTO,NO,NO,NO,NO
RIIL,NO,NO,NO,NO
RIR,NO,NO,NO,NO
RISHABH,NO,NO,NO,NO
RITCO,NO,NO,NO,NO
RITES,NO,NO,YES,NO
RKDL,NO,NO,NO,NO
RKEC,NO,NO,NO,NO
RKFORGE,NO,NO,YES,NO
RKSWAMY,NO,NO,NO,NO
RMC,NO,NO,NO,NO
RML,NO,NO,NO,NO
RNBDENIMS,NO,NO,NO,NO
ROHLTD,NO,NO,NO,NO
ROLEXRINGS,NO,NO,NO,NO
ROML,NO,NO,NO,NO
ROSSARI,NO,NO,NO,NO
ROSSELLIND,NO,NO,NO,NO
ROSSTECH,NO,NO,NO,NO
ROTO,NO,NO,NO,NO
ROUTE,NO,NO,NO,YES
RPEL,NO,NO,NO,NO
RPGLIFE,NO,NO,NO,NO
RPOWER,NO,NO,YES,NO
RPPINFRA,NO,NO,NO,NO
RPSGVENT,NO,NO,NO,NO
RPTECH,NO,NO,NO,NO
RRECL,NO,NO,NO,NO
RRIL,NO,NO,NO,NO
RRKABEL,NO,NO,YES,NO
RSL,NO,NO,NO,NO
RSSOFTWARE,NO,NO,NO,NO
RSYSTEMS,NO,NO,NO,NO
RTNINDIA,NO,NO,NO,YES
RTNPOWER,NO,NO,NO,YES
RTSPOWR,NO,NO,NO,NO
RUBFILA,NO,NO,NO,NO
RUBICON,NO,NO,NO,YES
RUCHINFRA,NO,NO,NO,NO
RUCHIRA,NO,NO,NO,NO
RUDRA,NO,NO,NO,NO
RUPA,NO,NO,NO,NO
RUSHIL,NO,NO,NO,NO
RUSTOMJEE,NO,NO,NO,NO
RVHL,NO,NO,NO,NO
RVNL,NO,YES,NO,NO
RVTH,NO,NO,NO,NO
S&SPOWER,NO,NO,NO,NO
SAATVIKGL,NO,NO,NO,YES
SAB,NO,NO,NO,NO
SADBHAV,NO,NO,NO,NO
SAFARI,NO,NO,NO,YES
SAGARDEEP,NO,NO,NO,NO
SAGCEM,NO,NO,NO,NO
SAGILITY,NO,YES,YES,NO
SAHLIBHFI,NO,NO,NO,NO
SAHYADRI,NO,NO,NO,NO
SAICAPI,NO,NO,NO,NO
SAIL,NO,YES,NO,NO
SAILIFE,NO,NO,YES,NO
SAIPARENT,NO,NO,NO,NO
SAKAR,NO,NO,NO,NO
SAKHTISUG,NO,NO,NO,NO
SAKSOFT,NO,NO,NO,NO
SAKUMA,NO,NO,NO,NO
SALASAR,NO,NO,NO,NO
SALONA,NO,NO,NO,NO
SALSTEEL,NO,NO,NO,NO
SALZERELEC,NO,NO,NO,NO
SAMBANDAM,NO,NO,NO,NO
SAMBHAAV,NO,NO,NO,NO
SAMBHV,NO,NO,NO,NO
SAMHI,NO,NO,NO,YES
SAMMAANCAP,NO,NO,YES,NO
SAMPANN,NO,NO,NO,NO
SANATHAN,NO,NO,NO,NO
SANDESH,NO,NO,NO,NO
SANDHAR,NO,NO,NO,NO
SANDUMA,NO,NO,NO,YES
SANGAMIND,NO,NO,NO,NO
SANGHVIMOV,NO,NO,NO,NO
SANOFI,NO,NO,NO,NO
SANOFICONR,NO,NO,NO,YES
SANSERA,NO,NO,NO,YES
SANSTAR,NO,NO,NO,NO
SAPPHIRE,NO,NO,YES,NO
SAPPL,NO,NO,NO,NO
SARDAEN,NO,NO,YES,NO
SAREGAMA,NO,NO,YES,NO
SARLAPOLY,NO,NO,NO,NO
SARVESHWAR,NO,NO,NO,NO
SASKEN,NO,NO,NO,NO
SATIA,NO,NO,NO,NO
SATIN,NO,NO,NO,NO
SAURASHCEM,NO,NO,NO,NO
SAYAJIHOTL,NO,NO,NO,NO
SAYAJIIND,NO,NO,NO,NO
SBC,NO,NO,NO,NO
SBCL,NO,NO,NO,NO
SBFC,NO,NO,YES,NO
SBGLP,NO,NO,NO,NO
SBICARD,NO,YES,NO,NO
SBIFUNDS,NO,NO,NO,NO
SBILIFE,YES,YES,NO,NO
SBIN,YES,YES,NO,NO
SCHAEFFLER,NO,NO,NO,NO
SCHAND,NO,NO,NO,NO
SCHNEIDER,NO,NO,YES,NO
SCI,NO,NO,YES,NO
SCILAL,NO,NO,NO,NO
SCODATUBES,NO,NO,NO,NO
SCPL,NO,NO,NO,NO
SDBL,NO,NO,NO,NO
SEAMECLTD,NO,NO,NO,NO
SECMARK,NO,NO,NO,NO
SECURKLOUD,NO,NO,NO,NO
SEDEMAC,NO,NO,NO,NO
SEIL,NO,NO,NO,NO
SEJALLTD,NO,NO,NO,NO
SEKURITIND,NO,NO,NO,NO
SELMC,NO,NO,NO,NO
SEMAC,NO,NO,NO,NO
SENCO,NO,NO,NO,YES
SENORES,NO,NO,NO,NO
SEPC,NO,NO,NO,NO
SERVOTECH,NO,NO,NO,NO
SESHAPAPER,NO,NO,NO,NO
SETL,NO,NO,NO,NO
SFL,NO,NO,NO,YES
SGFIN,NO,NO,NO,NO
SGIL,NO,NO,NO,NO
SGL,NO,NO,NO,NO
SGLRES,NO,NO,NO,NO
SGMART,NO,NO,NO,NO
SGRL,NO,NO,NO,NO
SHADOWFAX,NO,NO,NO,NO
SHAH,NO,NO,NO,NO
SHAHALLOYS,NO,NO,NO,NO
SHAILY,NO,NO,NO,YES
SHAKTIPUMP,NO,NO,NO,YES
SHALBY,NO,NO,NO,NO
SHANKARA,NO,NO,NO,NO
SHANTI,NO,NO,NO,NO
SHANTIGEAR,NO,NO,NO,NO
SHANTIGOLD,NO,NO,NO,NO
SHARDACROP,NO,NO,NO,YES
SHARDAMOTR,NO,NO,NO,NO
SHAREINDIA,NO,NO,NO,YES
SHBAJRG,NO,NO,NO,NO
SHERVANI,NO,NO,NO,NO
SHILCTECH,NO,NO,NO,NO
SHILGRAVQ,NO,NO,NO,NO
SHILPAMED,NO,NO,NO,YES
SHINDL,NO,NO,NO,NO
SHIVAAGRO,NO,NO,NO,NO
SHIVACEM,NO,NO,NO,NO
SHIVAMILLS,NO,NO,NO,NO
SHIVATEX,NO,NO,NO,NO
SHIVAUM,NO,NO,NO,NO
SHK,NO,NO,NO,NO
SHOPERSTOP,NO,NO,NO,NO
SHRADDHA,NO,NO,NO,NO
SHRADHA,NO,NO,NO,NO
SHREDIGCEM,NO,NO,NO,NO
SHREECEM,NO,YES,NO,NO
SHREEJISPG,NO,NO,NO,NO
SHREEPUSHK,NO,NO,NO,NO
SHREERAMA,NO,NO,NO,NO
SHREYANIND,NO,NO,NO,NO
SHRIKRISH,NO,NO,NO,NO
SHRINGARMS,NO,NO,NO,NO
SHRIPISTON,NO,NO,NO,YES
SHRIRAMFIN,YES,YES,NO,NO
SHRIRAMPPS,NO,NO,NO,NO
SHRJAGP,NO,NO,NO,NO
SHUKRAPHAR,NO,NO,NO,NO
SHYAMMETL,NO,NO,YES,NO
SHYAMTEL,NO,NO,NO,NO
SICAGEN,NO,NO,NO,NO
SIEL,NO,NO,NO,NO
SIEMENS,NO,YES,NO,NO
SIGACHI,NO,NO,NO,NO
SIGIND,NO,NO,NO,NO
SIGMA,NO,NO,NO,NO
SIGMAADV,NO,NO,NO,NO
SIGNATURE,NO,NO,YES,NO
SIGNPOST,NO,NO,NO,NO
SIKA,NO,NO,NO,NO
SIL,NO,NO,NO,NO
SILGO,NO,NO,NO,NO
SILINV,NO,NO,NO,NO
SILLYMONKS,NO,NO,NO,NO
SILVERTUC,NO,NO,NO,NO
SIMPLEXINF,NO,NO,NO,NO
SIMPLXREA,NO,NO,NO,NO
SINCLAIR,NO,NO,NO,NO
SINDHUTRAD,NO,NO,NO,NO
SINGERIND,NO,NO,NO,NO
SINTERCOM,NO,NO,NO,NO
SIRCA,NO,NO,NO,NO
SIS,NO,NO,NO,NO
SIYSIL,NO,NO,NO,NO
SJS,NO,NO,NO,NO
SJVN,NO,NO,NO,NO
SKFINDIA,NO,NO,NO,YES
SKFINDUS,NO,NO,NO,YES
SKIPPER,NO,NO,NO,YES
SKMEGGPROD,NO,NO,NO,NO
SKYGOLD,NO,NO,NO,YES
SMARTWORKS,NO,NO,NO,YES
SMCGLOBAL,NO,NO,NO,NO
SMLMAH,NO,NO,NO,YES
SMLT,NO,NO,NO,NO
SMSPHARMA,NO,NO,NO,NO
SNOWMAN,NO,NO,NO,NO
SOBHA,NO,NO,YES,NO
SOFTTECH,NO,NO,NO,NO
SOLARA,NO,NO,NO,NO
SOLARINDS,NO,YES,NO,NO
SOLARWORLD,NO,NO,NO,NO
SOLEX,NO,NO,NO,NO
SOMANYCERA,NO,NO,NO,NO
SOMATEX,NO,NO,NO,NO
SOMICONVEY,NO,NO,NO,NO
SONACOMS,NO,YES,YES,NO
SONAL,NO,NO,NO,NO
SONAMLTD,NO,NO,NO,NO
SONATSOFTW,NO,NO,YES,NO
SOTL,NO,NO,NO,NO
SOUTHBANK,NO,NO,NO,YES
SOUTHWEST,NO,NO,NO,NO
SPAL,NO,NO,NO,NO
SPANDANA,NO,NO,NO,NO
SPARC,NO,NO,NO,YES
SPCENET,NO,NO,NO,NO
SPELS,NO,NO,NO,NO
SPENCERS,NO,NO,NO,NO
SPIC,NO,NO,NO,NO
SPLIL,NO,NO,NO,NO
SPLPETRO,NO,NO,YES,NO
SPMLINFRA,NO,NO,NO,NO
SPORTKING,NO,NO,NO,NO
SRD,NO,NO,NO,NO
SREEL,NO,NO,NO,NO
SRF,NO,YES,NO,NO
SRGHFL,NO,NO,NO,NO
SRHHYPOLTD,NO,NO,NO,NO
SRIKPRIND,NO,NO,NO,NO
SRM,NO,NO,NO,NO
SRTL,NO,NO,NO,NO
SSDL,NO,NO,NO,NO
SSWL,NO,NO,NO,NO
STANLEY,NO,NO,NO,NO
STAR,NO,NO,NO,YES
STARCEMENT,NO,NO,NO,YES
STARHEALTH,NO,NO,YES,NO
STARPAPER,NO,NO,NO,NO
STARTECK,NO,NO,NO,NO
STCINDIA,NO,NO,NO,NO
STEELCAS,NO,NO,NO,NO
STEELCITY,NO,NO,NO,NO
STEELXIND,NO,NO,NO,NO
STEL,NO,NO,NO,NO
STLNETWORK,NO,NO,NO,NO
STLSTRINF,NO,NO,NO,NO
STOVEKRAFT,NO,NO,NO,NO
STUDDS,NO,NO,NO,NO
STYL,NO,NO,NO,YES
STYLAMIND,NO,NO,NO,NO
STYLEBAAZA,NO,NO,NO,NO
STYRENIX,NO,NO,NO,YES
SUBEXLTD,NO,NO,NO,NO
SUBROS,NO,NO,NO,YES
SUDARCOLOR,NO,NO,NO,NO
SUDARSCHEM,NO,NO,NO,YES
SUDEEPPHRM,NO,NO,NO,YES
SUKHJITS,NO,NO,NO,NO
SULA,NO,NO,NO,NO
SUMEDHA,NO,NO,NO,NO
SUMEETINDS,NO,NO,NO,NO
SUMICHEM,NO,NO,YES,NO
SUMIT,NO,NO,NO,NO
SUMMITSEC,NO,NO,NO,NO
SUNCLAY,NO,NO,NO,NO
SUNDARAM,NO,NO,NO,NO
SUNDARMFIN,NO,NO,NO,NO
SUNDRMFAST,NO,NO,NO,NO
SUNDROP,NO,NO,NO,NO
SUNFLAG,NO,NO,NO,NO
SUNLOC,NO,NO,NO,NO
SUNPHARMA,YES,YES,NO,NO
SUNRAKSHAK,NO,NO,NO,NO
SUNSHIEL,NO,NO,NO,NO
SUNTECK,NO,NO,NO,YES
SUNTV,NO,NO,YES,NO
SUPERHOUSE,NO,NO,NO,NO
SUPRAJIT,NO,NO,NO,NO
SUPREME,NO,NO,NO,NO
SUPREMEIND,NO,YES,NO,NO
SUPREMEINF,NO,NO,NO,NO
SUPRIYA,NO,NO,NO,YES
SUPTANERY,NO,NO,NO,NO
SURAJEST,NO,NO,NO,NO
SURAJLTD,NO,NO,NO,NO
SURAKSHA,NO,NO,NO,NO
SURANASOL,NO,NO,NO,NO
SURANAT&P,NO,NO,NO,NO
SURYALA,NO,NO,NO,NO
SURYALAXMI,NO,NO,NO,NO
SURYAROSNI,NO,NO,NO,YES
SURYODAY,NO,NO,NO,NO
SUVEN,NO,NO,NO,NO
SUVIDHAA,NO,NO,NO,NO
SUYOG,NO,NO,NO,NO
SUZLON,NO,YES,NO,NO
SVGLOBAL,NO,NO,NO,NO
SVPGLOB,NO,NO,NO,NO
SWANCORP,NO,NO,YES,NO
SWARAJ,NO,NO,NO,NO
SWARAJENG,NO,NO,NO,NO
SWARNSAR,NO,NO,NO,NO
SWELECTES,NO,NO,NO,NO
SWIGGY,NO,YES,NO,NO
SWISSMLTRY,NO,NO,NO,NO
SWSOLAR,NO,NO,NO,YES
SYMPHONY,NO,NO,NO,NO
SYNCOMF,NO,NO,NO,NO
SYNGENE,NO,NO,YES,NO
SYRMA,NO,NO,YES,NO
TAALTECH,NO,NO,NO,NO
TAINWALCHM,NO,NO,NO,NO
TAJGVK,NO,NO,NO,NO
TAKE,NO,NO,NO,NO
TALBROAUTO,NO,NO,NO,NO
TANAA,NO,NO,NO,NO
TANLA,NO,NO,NO,YES
TARACHAND,NO,NO,NO,NO
TARAPUR,NO,NO,NO,NO
TARC,NO,NO,NO,YES
TARIL,NO,NO,YES,NO
TARMAT,NO,NO,NO,NO
TARSONS,NO,NO,NO,NO
TASTYBITE,NO,NO,NO,NO
TATACAP,NO,NO,NO,NO
TATACHEM,NO,NO,YES,NO
TATACOMM,NO,NO,NO,NO
TATACONSUM,YES,YES,NO,NO
TATAELXSI,NO,YES,NO,NO
TATAINVEST,NO,NO,NO,NO
TATAPOWER,NO,YES,NO,NO
TATASTEEL,YES,YES,NO,NO
TATATECH,NO,NO,YES,NO
TATVA,NO,NO,NO,NO
TBOTEK,NO,NO,YES,NO
TBZ,NO,NO,NO,NO
TCC,NO,NO,NO,NO
TCI,NO,NO,NO,NO
TCIEXP,NO,NO,NO,NO
TCPLPACK,NO,NO,NO,NO
TCS,YES,YES,NO,NO
TDPOWERSYS,NO,NO,NO,YES
TEAMGTY,NO,NO,NO,NO
TEAMLEASE,NO,NO,NO,NO
TECHM,YES,YES,NO,NO
TECHNOCRAF,NO,NO,NO,NO
TECHNOE,NO,NO,YES,NO
TECHNVISN,NO,NO,NO,NO
TECILCHEM,NO,NO,NO,NO
TEGA,NO,NO,YES,NO
TEJASNET,NO,NO,YES,NO
TEMBO,NO,NO,NO,NO
TENNIND,NO,NO,YES,NO
TERAI,NO,NO,NO,NO
TERASOFT,NO,NO,NO,NO
TEXINFRA,NO,NO,NO,NO
TEXMOPIPES,NO,NO,NO,NO
TEXRAIL,NO,NO,NO,YES
TFCILTD,NO,NO,NO,NO
TFL,NO,NO,NO,NO
TGBHOTELS,NO,NO,NO,NO
TGVSL,NO,NO,NO,NO
THAKDEV,NO,NO,NO,NO
THANGAMAYL,NO,NO,NO,YES
THEINVEST,NO,NO,NO,NO
THEJO,NO,NO,NO,NO
THELEELA,NO,NO,YES,NO
THEMISMED,NO,NO,NO,NO
THERMAX,NO,NO,NO,NO
THOMASCOOK,NO,NO,NO,YES
THOMASCOTT,NO,NO,NO,NO
THYROCARE,NO,NO,NO,YES
TI,NO,NO,NO,YES
TIGERLOGS,NO,NO,NO,NO
TIIL,NO,NO,NO,NO
TIINDIA,NO,YES,NO,NO
TIJARIA,NO,NO,NO,NO
TIMETECHNO,NO,NO,NO,YES
TIMEX,NO,NO,NO,NO
TIMKEN,NO,NO,YES,NO
TINNARUBR,NO,NO,NO,NO
TIPSFILMS,NO,NO,NO,NO
TIPSMUSIC,NO,NO,NO,YES
TIRUMALCHM,NO,NO,NO,NO
TITAGARH,NO,NO,YES,NO
TITAN,YES,YES,NO,NO
TMB,NO,NO,NO,YES
TMCV,NO,NO,NO,NO
TMPV,YES,YES,NO,NO
TNPETRO,NO,NO,NO,NO
TNPL,NO,NO,NO,NO
TNTELE,NO,NO,NO,NO
TOKYOPLAST,NO,NO,NO,NO
TOLINS,NO,NO,NO,NO
TORNTPHARM,NO,YES,NO,NO
TORNTPOWER,NO,NO,NO,NO
TOTAL,NO,NO,NO,NO
TOUCHWOOD,NO,NO,NO,NO
TOYAMSL,NO,NO,NO,NO
TPHQ,NO,NO,NO,NO
TPLPLASTEH,NO,NO,NO,NO
TRACXN,NO,NO,NO,NO
TRANSCOR,NO,NO,NO,NO
TRANSRAILL,NO,NO,NO,YES
TRAVELFOOD,NO,NO,YES,NO
TREEHOUSE,NO,NO,NO,NO
TREJHARA,NO,NO,NO,NO
TREL,NO,NO,NO,NO
TRENT,YES,YES,NO,NO
TRF,NO,NO,NO,NO
TRIDENT,NO,NO,YES,NO
TRIGYN,NO,NO,NO,NO
TRITONV,NO,NO,NO,NO
TRITURBINE,NO,NO,YES,NO
TRIVENI,NO,NO,NO,YES
TRU,NO,NO,NO,NO
TRUALT,NO,NO,NO,NO
TSFINV,NO,NO,NO,YES
TTKHLTCARE,NO,NO,NO,NO
TTKPRESTIG,NO,NO,NO,NO
TTL,NO,NO,NO,NO
TTML,NO,NO,YES,NO
TURTLEMINT,NO,NO,NO,NO
TUTIALKA,NO,NO,NO,NO
TVSELECT,NO,NO,NO,NO
TVSHLTD,NO,NO,NO,NO
TVSMOTOR,NO,YES,NO,NO
TVSSCS,NO,NO,NO,YES
TVSSRICHAK,NO,NO,NO,NO
TVTODAY,NO,NO,NO,NO
UBL,NO,NO,NO,NO
UCAL,NO,NO,NO,NO
UCOBANK,NO,NO,YES,NO
UDAYJEW,NO,NO,NO,NO
UDS,NO,NO,NO,NO
UEL,NO,NO,NO,NO
UFLEX,NO,NO,NO,NO
UFO,NO,NO,NO,NO
UGARSUGAR,NO,NO,NO,NO
UGROCAP,NO,NO,NO,NO
UJJIVANSFB,NO,NO,NO,YES
ULTRACEMCO,YES,YES,NO,NO
ULTRAMAR,NO,NO,NO,NO
UMESLTD,NO,NO,NO,NO
UMIYA-MRO,NO,NO,NO,NO
UNICHEMLAB,NO,NO,NO,NO
UNIECOM,NO,NO,NO,NO
UNIENTER,NO,NO,NO,NO
UNIINFO,NO,NO,NO,NO
UNIMECH,NO,NO,NO,NO
UNIONBANK,NO,YES,NO,NO
UNIPARTS,NO,NO,NO,NO
UNITDSPR,NO,YES,NO,NO
UNITECH,NO,NO,NO,NO
UNITEDTEA,NO,NO,NO,NO
UNIVCABLES,NO,NO,NO,NO
UNOMINDA,NO,YES,NO,NO
UPHOT,NO,NO,NO,NO
UPL,NO,YES,NO,NO
URBANCO,NO,NO,YES,NO
URJA,NO,NO,NO,NO
USHAMART,NO,NO,YES,NO
USK,NO,NO,NO,NO
UTIAMC,NO,NO,YES,NO
UTKARSHBNK,NO,NO,NO,NO
UTLSOLAR,NO,NO,NO,YES
UTTAMSUGAR,NO,NO,NO,NO
V2RETAIL,NO,NO,NO,YES
VADILALIND,NO,NO,NO,NO
VADILENT,NO,NO,NO,NO
VAIBHAVGBL,NO,NO,NO,YES
VAISHALI,NO,NO,NO,NO
VAKRANGEE,NO,NO,NO,NO
VALIANTLAB,NO,NO,NO,NO
VAML,NO,NO,NO,NO
VARDMNPOLY,NO,NO,NO,NO
VARROC,NO,NO,NO,YES
VASCONEQ,NO,NO,NO,NO
VASUPRADA,NO,NO,NO,NO
VASWANI,NO,NO,NO,NO
VBL,NO,YES,NO,NO
VCL,NO,NO,NO,NO
VEDAVAAG,NO,NO,NO,NO
VEDL,NO,YES,NO,NO
VEDPOWER,NO,NO,NO,NO
VEEDOL,NO,NO,NO,NO
VENKEYS,NO,NO,NO,NO
VENTIVE,NO,NO,NO,NO
VENUSPIPES,NO,NO,NO,NO
VERANDA,NO,NO,NO,NO
VESUVIUS,NO,NO,NO,NO
VGCL,NO,NO,NO,NO
VGL,NO,NO,NO,NO
VGUARD,NO,NO,NO,YES
VHL,NO,NO,NO,NO
VIDHIING,NO,NO,NO,NO
VIDYAWIRES,NO,NO,NO,NO
VIJAYA,NO,NO,YES,NO
VIJSOLX,NO,NO,NO,NO
VIKASECO,NO,NO,NO,NO
VIKASLIFE,NO,NO,NO,NO
VIKRAMSOLR,NO,NO,NO,YES
VIKRAN,NO,NO,NO,NO
VIMTALABS,NO,NO,NO,NO
VINATIORGA,NO,NO,NO,NO
VINCOFE,NO,NO,NO,NO
VINDHYATEL,NO,NO,NO,NO
VINEETLAB,NO,NO,NO,NO
VINNY,NO,NO,NO,NO
VINYLINDIA,NO,NO,NO,NO
VIPCLOTHNG,NO,NO,NO,NO
VIPIND,NO,NO,NO,YES
VIRAT,NO,NO,NO,NO
VIRINCHI,NO,NO,NO,NO
VIRTUALG,NO,NO,NO,NO
VISACHROME,NO,NO,NO,NO
VISAKAIND,NO,NO,NO,NO
VISHAL,NO,NO,NO,NO
VISHNU,NO,NO,NO,NO
VISHWARAJ,NO,NO,NO,NO
VISL,NO,NO,NO,NO
VIVIDHA,NO,NO,NO,NO
VIVOBIOT,NO,NO,NO,NO
VIYASH,NO,NO,NO,YES
VLSFINANCE,NO,NO,NO,NO
VMART,NO,NO,NO,YES
VMM,NO,YES,NO,NO
VMSTMT,NO,NO,NO,NO
VOEPL,NO,NO,NO,NO
VOGL,NO,NO,NO,NO
VOITHPAPR,NO,NO,NO,NO
VOLTAMP,NO,NO,NO,YES
VOLTAS,NO,YES,NO,NO
VPRPL,NO,NO,NO,NO
VRAJ,NO,NO,NO,NO
VRLLOG,NO,NO,NO,NO
VSSL,NO,NO,NO,NO
VSTIND,NO,NO,NO,NO
VSTL,NO,NO,NO,NO
VSTTILLERS,NO,NO,NO,NO
VTL,NO,NO,YES,NO
VTMLTD,NO,NO,NO,NO
WAAREEENER,NO,YES,NO,NO
WAAREEINDO,NO,NO,NO,NO
WAAREERTL,NO,NO,NO,YES
WABAG,NO,NO,NO,YES
WAKEFIT,NO,NO,NO,YES
WALCHANNAG,NO,NO,NO,NO
WANBURY,NO,NO,NO,NO
WARDINMOBI,NO,NO,NO,NO
WATERBASE,NO,NO,NO,NO
WCIL,NO,NO,NO,NO
WEALTH,NO,NO,NO,NO
WEBELSOLAR,NO,NO,NO,YES
WEIZMANIND,NO,NO,NO,NO
WEL,NO,NO,NO,NO
WELCORP,NO,NO,YES,NO
WELENT,NO,NO,NO,YES
WELSPLSOL,NO,NO,NO,NO
WELSPUNLIV,NO,NO,YES,NO
WENDT,NO,NO,NO,NO
WESTLIFE,NO,NO,NO,YES
WEWIN,NO,NO,NO,NO
WEWORK,NO,NO,NO,YES
WHBRADY,NO,NO,NO,NO
WHEELS,NO,NO,NO,NO
WHIRLPOOL,NO,NO,YES,NO
WILLAMAGOR,NO,NO,NO,NO
WINDLAS,NO,NO,NO,NO
WINDMACHIN,NO,NO,NO,NO
WIPL,NO,NO,NO,NO
WIPRO,YES,YES,NO,NO
WOCKPHARMA,NO,NO,YES,NO
WONDERLA,NO,NO,NO,NO
WORTHPERI,NO,NO,NO,NO
WPIL,NO,NO,NO,NO
WSI,NO,NO,NO,NO
WSTCSTPAPR,NO,NO,NO,NO
XCHANGING,NO,NO,NO,NO
XELPMOC,NO,NO,NO,NO
XPROINDIA,NO,NO,NO,NO
XTGLOBAL,NO,NO,NO,NO
XTRANET,NO,NO,NO,NO
YASHO,NO,NO,NO,NO
YATHARTH,NO,NO,NO,YES
YATRA,NO,NO,NO,NO
YESBANK,NO,YES,NO,NO
YOGI,NO,NO,NO,NO
YUKEN,NO,NO,NO,NO
ZAGGLE,NO,NO,NO,YES
ZEEL,NO,NO,YES,NO
ZEEMEDIA,NO,NO,NO,NO
ZENITHEXPO,NO,NO,NO,NO
ZENITHSTL,NO,NO,NO,NO
ZENSARTECH,NO,NO,YES,NO
ZENTEC,NO,NO,YES,NO
ZFCVINDIA,NO,NO,YES,NO
ZFSTEERING,NO,NO,NO,NO
ZIMLAB,NO,NO,NO,NO
ZODIAC,NO,NO,NO,NO
ZODIACLOTH,NO,NO,NO,NO
ZOTA,NO,NO,NO,NO
ZSARACOM,NO,NO,NO,NO
ZUARI,NO,NO,NO,NO
ZUARIIND,NO,NO,NO,NO
ZYDUSLIFE,NO,YES,NO,NO
ZYDUSWELL,NO,NO,YES,NO
